Код,Наименование,Сумма купона,Сделок шт.,Объем в валюте,Валюта номинала,Непогашенный долг,Валюта расчетов,Цена % средневзвешенная,Мин,Макс,Цена посл %,Дох посл сделки,Дата оферты,Доходность к оферте,Доходность посл. Купона,Дата погашения,Дата расчета дох,Дата пут-опциона,Цена закрытия,НКД,Дата колл опциона,Доходность колл опциона,Дюрация к дате колл опциона,Дата посл сделки,Дюрация дней,Эффективная доходность,Дюрация средневзвешенная,Z spread,G spread,Маркер КБД
SU26247RMFS5 ,ОФЗ 26247 ,"61,08",9065,9850093354,RUB,1000,SUR,"92,373","91,95","92,8","92,45","13,92",,- ,- ,11.05.39,,- ,"92,372","33,22",- ,- ,- ,04.09.25,2366,13.932,2365,27,30,04.09.25 18:49
SU26248RMFS3 ,ОФЗ 26248 ,"61,08",12196,5639877289,RUB,1000,SUR,"92,851","92,3","93,04","92,824","13,82",,- ,- ,16.05.40,,- ,"92,795","30,88",- ,- ,- ,04.09.25,2437,13.8127,2438,17,19,04.09.25 18:49
SU26245RMFS9 ,ОФЗ 26245 ,"59,84",5689,4746606058,RUB,1000,SUR,"92,544",92,"92,99","92,54","13,81",,- ,- ,26.09.35,,- ,"92,549","48,66",- ,- ,- ,04.09.25,2059,13.8121,2059,17,22,04.09.25 18:49
SU29020RMFS3 ,ОФЗ 29020 ,- ,696,4305626332,RUB,1000,SUR,"99,388","99,26","99,5","99,427",- ,,- ,- ,22.09.27,,- ,"99,371","36,54",- ,- ,- ,04.09.25,601,23.2899,601,977,980,04.09.25 18:49
SU26246RMFS7 ,ОФЗ 26246 ,"59,84",5608,3447467595,RUB,1000,SUR,"92,332","91,85","92,55","92,199","13,85",,- ,- ,12.03.36,,- ,"92,199","53,26",- ,- ,- ,04.09.25,2091,13.8248,2092,21,25,04.09.25 18:49
SU26238RMFS4 ,ОФЗ 26238 ,"35,4",17839,3418930462,RUB,1000,SUR,"61,224","61,044","61,568","61,151","13,36",,- ,- ,15.05.41,,- ,"61,3","17,89",- ,- ,- ,04.09.25,2827,13.3398,2828,-29,-29,04.09.25 18:49
RU000A10C8C0 ,РЖД 1Р-44R ,"11,47",818,3213307108,RUB,1000,SUR,"100,32","100,18","100,75","100,74","14,58",,- ,- ,10.02.29,,- ,"100,4","1,91",- ,- ,- ,04.09.25,1002,14.7508,1001,106,112,04.09.25 18:49
SU29016RMFS1 ,ОФЗ 29016 ,- ,569,2063579520,RUB,1000,SUR,"99,701","99,664","99,848","99,717",- ,,- ,- ,23.12.26,,- ,"99,734","36,54",- ,- ,- ,04.09.25,410,23.2957,410,968,966,04.09.25 18:49
SU26249RMFS1 ,ОФЗ 26249 ,"54,85",732,1406131596,RUB,1000,SUR,"90,092","89,746","90,3",90,"13,71",,- ,- ,16.06.32,,- ,90,"21,4",- ,- ,- ,04.09.25,1727,13.6894,1728,10,15,04.09.25 18:49
RU000A10CMR3 ,СибурХ1Р08 ,"0,55",2345,1359330625,USD,100,SUR,"100,95","100,6921","101,2499","101,249","6,59",,- ,- ,08.08.30,,- ,"101,249","1,617",- ,- ,- ,04.09.25,1538,01.06.05,1537,-698,-695,04.09.25 18:49
SU26242RMFS6 ,ОФЗ 26242 ,"44,88",5984,1036459395,RUB,1000,SUR,"88,355","87,652","88,49",88,"13,37",,- ,- ,29.08.29,,- ,"87,898","0,25",- ,- ,- ,04.09.25,1237,13.2364,1237,-16,-13,04.09.25 18:49
RU000A1095W4 ,Ростел1P9R ,- ,189,994576579,RUB,1000,SUR,"100,15","99,67","101,48","100,4","20,26",,- ,- ,04.08.27,,- ,"100,41","15,22",- ,- ,- ,04.09.25,698,-0.0783,698,,-1365,04.09.25 18:49
SU29014RMFS6 ,ОФЗ 29014 ,- ,1453,692412815,RUB,1000,SUR,"99,8","99,775","99,869","99,818",- ,,- ,- ,25.03.26,,- ,"99,8","36,54",- ,- ,- ,04.09.25,187,23.9369,187,954,948,04.09.25 18:49
RU000A10A844 ,РФ ЗО 47 Д ,5250,10,533392067,USD,200000,SUR,"89,9445",89,"89,7","89,001","6,27",,- ,- ,23.06.47,,- ,"89,001","167424,1205",- ,- ,- ,04.09.25,4579,31.05.82,4598,-738,-741,04.09.25 18:49
SU26235RMFS0 ,ОФЗ 26235 ,"29,42",1973,495236911,RUB,1000,SUR,"72,047","71,77","73,342","72,349","13,52",,- ,- ,12.03.31,,- ,"72,195","27,32",- ,- ,- ,04.09.25,1629,13.6232,1628,-6,-3,04.09.25 18:49
SU26230RMFS1 ,ОФЗ 26230 ,"38,39",4733,493684780,RUB,1000,SUR,"65,61","65,353","66,099","65,599","13,66",,- ,- ,16.03.39,,- ,"65,6","32,69",- ,- ,- ,04.09.25,2577,13.6573,2577,1,2,04.09.25 18:49
SU26233RMFS5 ,ОФЗ 26233 ,"30,42",5101,479719240,RUB,1000,SUR,"61,28","61,126","61,548","61,443","13,63",,- ,- ,18.07.35,,- ,"61,372","6,02",- ,- ,- ,04.09.25,2458,13.6774,2457,-2,1,04.09.25 18:49
RU000A10C9Y2 ,НОВАТЭК1Р5 ,"5,73",404,467226176,USD,1000,SUR,"102,467","102,3188","102,9599","102,9599","6,4",,- ,- ,11.01.30,,- ,"102,6",- ,- ,- ,- ,04.09.25,1377,01.06.39,1377,-715,-712,04.09.25 18:49
RU000A108GR8 ,Ростел1P7R ,- ,77,426128223,RUB,1000,SUR,"100,14",100,"100,2","100,2","20,45",,- ,- ,20.05.27,,- ,"100,19","7,36",- ,- ,- ,04.09.25,622,-0.082,622,,-1357,04.09.25 18:49
SU26212RMFS9 ,ОФЗ 26212 ,"35,15",1244,418515941,RUB,1000,SUR,"88,292","87,68","88,93","88,203","13,4",,- ,- ,19.01.28,,- ,"88,161","8,3",- ,- ,- ,04.09.25,801,13.3441,801,-6,-4,04.09.25 18:49
SU26250RMFS9 ,ОФЗ 26250 ,"59,84",1371,390622466,RUB,1000,SUR,"91,49","91,353","91,95","91,599","13,89",,- ,- ,10.06.37,,- ,"91,353","23,34",- ,- ,- ,04.09.25,2266,13.907,2265,24,27,04.09.25 18:49
SU26229RMFS3 ,ОФЗ 26229 ,"35,65",1426,386173621,RUB,1000,SUR,"98,44","98,383","98,468","98,467","15,27",,- ,"15,2714",12.11.25,,- ,"98,465","22,13",- ,- ,- ,04.09.25,67,16.4185,68,68,66,04.09.25 18:49
RU000A10A7Y8 ,РФ ЗО 35 Д ,5100,19,318943827,USD,200000,SUR,"93,8835","93,7","94,005",94,"6,02",,- ,- ,28.03.35,,- ,"94,0025","357351,696",- ,- ,- ,04.09.25,2715,31.05.55,2715,-764,-763,04.09.25 18:49
RU000A10A877 ,РФ ЗО 43 Д ,5875,9,312440171,USD,200000,SUR,"96,4083","96,45","96,8","96,8","6,26",,- ,- ,16.09.43,,- ,"96,7975","443320,6505",- ,- ,- ,04.09.25,3989,31.05.02,3983,-739,-742,04.09.25 18:49
RU000A10BTC2 ,РостелP18R ,- ,57,305259730,RUB,1000,SUR,"100,9","100,9","101,39","101,19","20,68",,- ,- ,08.06.27,,- ,"101,01","9,74",- ,- ,- ,04.09.25,641,-0.5079,641,,-1412,04.09.25 18:49
SU26224RMFS4 ,ОФЗ 26224 ,"34,41",1313,293870058,RUB,1000,SUR,"82,552","82,35","83,323","82,55","13,38",,- ,- ,23.05.29,,- ,"82,543","18,72",- ,- ,- ,04.09.25,1176,13.3769,1176,-14,-11,04.09.25 18:49
RU000A105QX1 ,ГазКЗ-Б26Е ,"38,97",60,275957203,EUR,1000,SUR,"76,484","76,0911","76,95","76,56","6,23",,- ,- ,,,- ,"76,95","2224,392",- ,- ,- ,04.09.25,- ,,,,,04.09.25 18:49
RU000A10A8A6 ,РФ ЗО 29 Д ,4375,8,271793437,USD,200000,SUR,"99,5","98,65",99,99,"4,74",,- ,- ,21.03.29,,- ,99,"320307,5843",- ,- ,- ,04.09.25,1187,01.04.27,1187,-877,-875,04.09.25 18:49
RU000A107B43 ,ГТЛК ЗО27Д ,"23,25",42,266167169,USD,1000,SUR,"97,5166","96,7703","97,7499","97,4879","6,54",,- ,- ,10.03.27,,- ,"97,4882","1817,481",- ,- ,- ,04.09.25,526,01.06.82,526,-695,-695,04.09.25 18:49
RU000A10A869 ,РФ ЗО 28 Д ,"63,75",129,264960582,USD,1000,SUR,"124,3231","123,2","123,6999","123,6206","3,82",,- ,- ,24.06.28,,- ,"123,6","2004,2418",- ,- ,- ,04.09.25,889,01.03.31,889,-966,-963,04.09.25 18:49
RU000A10CKZ0 ,ЕврХол3P04 ,"11,42",88,263681334,RUB,1000,SUR,"99,82","99,8",100,"99,93","14,85",,- ,- ,13.02.28,,- ,"99,93","3,05",- ,- ,- ,04.09.25,758,14.9138,757,138,142,04.09.25 18:49
RU000A10C6L5 ,Атомэнпр07 ,"35,78",509,261160709,RUB,1000,SUR,"101,66","101,4","101,85","101,79","14,57",,- ,- ,19.07.30,,- ,"101,75","16,12",- ,- ,- ,04.09.25,1293,14.6119,1292,101,106,04.09.25 18:49
RU000A106FV6 ,РСХБ2Р12 ,"49,61",122,256705099,RUB,1000,SUR,"95,95","95,8","96,13","95,95","16,02",,- ,- ,26.06.26,,- ,"95,95","18,81",- ,- ,- ,04.09.25,285,16.0245,285,211,210,04.09.25 18:49
SU26228RMFS5 ,ОФЗ 26228 ,"38,15",1802,217560241,RUB,1000,SUR,"81,604","81,444","82,599","81,83","13,45",,- ,- ,10.04.30,,- ,"81,46","29,56",- ,- ,- ,04.09.25,1367,13.5265,1367,-11,-7,04.09.25 18:49
RU000A10A802 ,РФ ЗО 42 Д ,5625,13,213055976,USD,200000,SUR,"94,1157","93,5999","94,3","94,3","6,27",,- ,- ,04.04.42,,- ,"94,3","378978,75",- ,- ,- ,04.09.25,3851,01.06.04,3848,-738,-741,04.09.25 18:49
SU26243RMFS4 ,ОФЗ 26243 ,"48,87",3991,203765556,RUB,1000,SUR,"78,352","78,108","78,829","78,5","13,8",,- ,- ,19.05.38,,- ,"78,34","24,7",- ,- ,- ,04.09.25,2426,13.8321,2424,15,18,04.09.25 18:49
RU000A10C3M0 ,Атомэнпр06 ,"17,95",81,202304005,USD,1000,SUR,"103,4416","103,2503",104,"103,5","6,32",,- ,- ,13.07.29,,- ,"103,7","765,6381",- ,- ,- ,04.09.25,1233,01.06.34,1233,-721,-718,04.09.25 18:49
SU26225RMFS1 ,ОФЗ 26225 ,"36,15",3040,193622458,RUB,1000,SUR,"69,277","69,142","69,94","69,2","13,78",,- ,- ,10.05.34,,- ,"69,2","21,05",- ,- ,- ,04.09.25,2161,13.7641,2161,14,18,04.09.25 18:49
RU000A10C6F7 ,sГТЛК 2P-9 ,"13,77",1665,192830883,RUB,1000,SUR,"102,71","102,53","103,18",103,"16,62",,- ,- ,04.07.29,,- ,"103,13","5,05",- ,- ,- ,04.09.25,854,16.7634,854,312,318,04.09.25 18:49
RU000A10A828 ,РФ ЗО 27 Е ,1125,6,190871198,EUR,100000,SUR,"92,0493",92,"92,3","92,3","4,89",,- ,- ,20.11.27,,- ,"92,175","83666,3594",- ,- ,- ,04.09.25,793,30.04.58,793,-856,-855,04.09.25 18:49
RU000A10C8H9 ,ОилРес1P2 ,"23,01",4678,174809147,RUB,1000,SUR,"99,98","99,9","100,08","100,01","31,88",,- ,- ,06.07.30,,- ,100,"3,07",- ,- ,- ,04.09.25,980,31.8957,980,1832,1842,04.09.25 18:49
RU000A105QW3 ,ГазКБЗО26Д ,"22,99",105,165878540,USD,1000,SUR,"87,2327","85,0002","88,0002","88,0002","5,17",,- ,- ,,,- ,"87,6566","392,1167",- ,- ,- ,04.09.25,- ,,,,,04.09.25 18:49
SU26240RMFS0 ,ОФЗ 26240 ,"34,9",5128,162630746,RUB,1000,SUR,"64,517","63,79","65,165","64,556","13,66",,- ,- ,30.07.36,,- ,"64,31","4,22",- ,- ,- ,04.09.25,2516,13.6736,2516,1,3,04.09.25 18:49
SU26239RMFS2 ,ОФЗ 26239 ,"34,41",1768,160806307,RUB,1000,SUR,"75,278","74,499","75,675","75,058","13,54",,- ,- ,23.07.31,,- ,"75,03","6,81",- ,- ,- ,04.09.25,1721,13.4717,1721,-5,-2,04.09.25 18:49
RU000A10C6S0 ,ВЭБ2Р-53 ,- ,54,154624632,RUB,1000,SUR,"100,14","100,03","100,2","100,19","21,39",,- ,- ,25.07.28,,- ,"100,19","20,24",- ,- ,- ,04.09.25,1054,-0.0484,1054,,-1354,04.09.25 18:49
RU000A10BPP2 ,ГазКап3P14 ,"5,96",125,152008155,USD,1000,SUR,"103,1763","103,02","103,9599","103,8895","6,24",,- ,- ,08.05.29,,- ,"103,3494","128,5496",- ,- ,- ,04.09.25,1182,01.06.51,1182,-728,-725,04.09.25 18:49
RU000A10BFM0 ,ГазКап3P13 ,"6,29",76,151950752,USD,1000,SUR,"103,4366","103,3089","103,8126","103,6","6,36",,- ,- ,02.05.28,,- ,"103,55","321,7782",- ,- ,- ,04.09.25,879,01.06.83,879,-711,-709,04.09.25 18:49
SU26221RMFS0 ,ОФЗ 26221 ,"38,39",1795,147202609,RUB,1000,SUR,"74,2","73,688","74,581","74,362","13,59",,- ,- ,23.03.33,,- ,"74,342","32,69",- ,- ,- ,04.09.25,1940,13.6323,1938,-4,0,04.09.25 18:49
RU000A10BV55 ,НОВАТЭК1Р4 ,"6,16",81,135980450,USD,1000,SUR,"104,7267","104,58","105,262","105,2299","6,4",,- ,- ,29.05.30,,- ,"104,72","199,6965",- ,- ,- ,04.09.25,1463,01.06.33,1463,-716,-713,04.09.25 18:49
SU26232RMFS7 ,ОФЗ 26232 ,"29,92",1206,126831153,RUB,1000,SUR,"87,681","87,421","88,352","87,697","13,33",,- ,- ,06.10.27,,- ,"87,425","24,33",- ,- ,- ,04.09.25,704,13.3387,704,-12,-11,04.09.25 18:49
RU000A0JXTS9 ,RUS-27 ,4250,7,125675191,USD,200000,SUR,"97,153","89,55",100,100,"4,24",,- ,- ,23.06.27,,- ,"99,7547","135534,1198",- ,- ,- ,04.09.25,633,01.05.92,633,-921,-921,04.09.25 18:49
RU000A0JTU85 ,РЖД-28 обл ,"90,25",24,124591590,RUB,1000,SUR,"108,3","107,89","108,5","108,47","14,5",,- ,- ,21.03.28,,- ,"108,2","80,83",- ,- ,- ,04.09.25,735,14.5874,735,102,107,04.09.25 18:49
RU000A1092X9 ,Сбер Sb47R ,- ,56,123539657,RUB,1000,SUR,"100,1","99,97","100,56","100,56","17,43",,- ,- ,30.01.26,,- ,"100,1","16,7",- ,- ,- ,04.09.25,147,-0.2481,147,,-1610,04.09.25 18:49
BYM000002154 ,РесБел 340 ,"38,86",13,121908148,USD,1000,SUR,"99,5283","99,0509","99,99","99,99","7,77",,- ,- ,29.06.27,,- ,"99,99","1182,2753",- ,- ,- ,04.09.25,622,01.08.41,622,-570,-569,04.09.25 18:49
RU000A10ASC6 ,Европлн1Р9 ,"19,73",449,120284955,RUB,1000,SUR,114,"113,57","114,47","114,19","15,6",,- ,- ,14.07.28,,- ,"114,16","3,95",- ,- ,- ,04.09.25,530,15.7326,529,204,211,04.09.25 18:49
RU000A10ARS4 ,МОНОП 1P03 ,"21,78",5926,112625122,RUB,1000,SUR,"92,52","88,71","95,34","95,3","47,81",,- ,- ,25.01.26,,- ,"94,56","5,08",- ,- ,- ,04.09.25,135,60.0075,135,3303,3299,04.09.25 18:49
RU000A1005L6 ,Система1P9 ,"56,35",100,111490074,RUB,1000,SUR,"96,03","95,81","96,19","96,12","21,03",02.03.26,"20,6708",- ,21.02.29,02.03.26,02.03.26,"95,97","2,48",- ,- ,- ,04.09.25,177,20.9025,177,619,619,04.09.25 18:49
RU000A0JXR84 ,РЖД Б01P3R ,"89,5",9,109279406,RUB,1000,SUR,"109,2","108,29","109,9","109,88","14,46",08.11.28,"14,3814",- ,23.04.37,08.11.28,08.11.28,"109,9","58,52",- ,- ,- ,04.09.25,897,14.6557,896,87,93,04.09.25 18:49
RU000A108ZT4 ,РСЭКСМБ2Р5 ,- ,51,106822668,RUB,1000,SUR,"99,99","99,75",100,100,"22,23",19.07.27,- ,- ,05.07.34,19.07.27,19.07.27,100,"28,25",- ,- ,- ,04.09.25,682,0.0054,682,,-1344,04.09.25 18:49
SU29013RMFS8 ,ОФЗ 29013 ,- ,181,104038790,RUB,1000,SUR,"97,648","97,481","97,85","97,669",- ,,- ,- ,18.09.30,,- ,"97,499","36,54",- ,- ,- ,04.09.25,1123,23.6307,1123,1006,1014,04.09.25 18:49
RU000A10CKY3 ,ЛСР БО1Р11 ,"13,15",533,94839282,RUB,1000,SUR,"100,36","100,1","100,72","100,7","16,83",,- ,- ,11.08.28,,- ,"100,7","3,51",- ,- ,- ,04.09.25,750,17.0235,749,335,340,04.09.25 18:49
RU000A10AXW4 ,СибурХ1Р03 ,"0,79",500,92193413,USD,100,SUR,"109,4356",109,"109,9837","109,9697","6,04",,- ,- ,02.08.28,,- ,"109,7195","36,382",- ,- ,- ,04.09.25,934,01.06.92,933,-745,-741,04.09.25 18:49
RU000A105GN3 ,БорецКЗО26 ,30,204,90759004,USD,1000,SUR,"93,7043","93,0582","94,099","93,7","13,1",,- ,- ,17.09.26,,- ,"93,7999","2250,0221",- ,- ,- ,04.09.25,360,13.0959,360,-59,-61,04.09.25 18:49
RU000A10C8F3 ,Брус 2Р04 ,"17,67",2370,88120857,RUB,1000,SUR,"101,41","100,95","101,68","101,55","22,88",,- ,- ,23.07.28,,- ,"101,5","15,9",- ,- ,- ,04.09.25,782,22.9574,782,938,944,04.09.25 18:49
RU000A1010B7 ,ТрнфБО1P13 ,"34,16",51,83339256,RUB,1000,SUR,"92,35","91,9","92,35","92,32","14,81",,- ,- ,30.10.26,,- ,"92,35","23,46",- ,- ,- ,04.09.25,401,14.7789,401,119,118,04.09.25 18:49
RU000A10A851 ,РФ ЗО 27 Д ,4250,3,81736520,USD,200000,SUR,"101,5807","101,09","101,1","101,1","3,65",,- ,- ,23.06.27,,- ,"101,1","135534,1198",- ,- ,- ,04.09.25,633,01.03.86,633,-981,-980,04.09.25 18:49
RU000A105SG2 ,ГазКЗ-30Д ,"16,25",121,81274199,USD,1000,SUR,"87,3381","87,0621","88,05","88,05","6,37",,- ,- ,25.02.30,,- ,"87,7984","65,4875",- ,- ,- ,04.09.25,1524,01.06.94,1523,-719,-718,04.09.25 18:49
RU000A10BK17 ,Газпн3P15R ,"1,64",1505,80663084,RUB,1000,SUR,"60,31","60,18","60,89","60,47","14,48",,- ,- ,11.04.30,,- ,"60,33",- ,- ,- ,- ,04.09.25,1576,14.5548,1576,93,94,04.09.25 18:49
RU000A10BY03 ,ГазКап3P15 ,"5,67",33,80254736,CNY,1000,SUR,"101,4778","101,5499","101,9906","101,85","4,65",,- ,- ,26.06.26,,- ,"101,8","10,7332",- ,- ,- ,04.09.25,286,01.05.04,286,-926,-927,04.09.25 18:49
SU26207RMFS9 ,ОФЗ 26207 ,"40,64",1431,80018758,RUB,1000,SUR,"93,887","93,661","94,276","93,9","13,42",,- ,- ,03.02.27,,- ,"93,878","6,48",- ,- ,- ,04.09.25,494,13.4329,494,-10,-10,04.09.25 18:49
RU000A10BZH8 ,Сбер SbD7R ,- ,494,79351340,RUB,1000,SUR,"54,35","54,29","54,78","54,72","17,06",,- ,- ,11.07.30,,- ,"54,48",- ,- ,- ,- ,04.09.25,1770,17.3205,1770,,350,04.09.25 18:49
RU000A10BY94 ,Систем2P03 ,"17,67",484,79128987,RUB,1000,SUR,"107,53","107,15","107,59","107,59","17,15",,- ,- ,24.03.27,,- ,"107,4","2,36",- ,- ,- ,04.09.25,487,17.1993,487,362,363,04.09.25 18:49
RU000A105RG4 ,ГазКЗ-26Д ,"25,75",118,75824269,USD,1000,SUR,"100,2417","99,9999","100,499","100,4007","4,12",,- ,- ,11.02.26,,- ,"100,2753","265,9926",- ,- ,- ,04.09.25,158,01.04.63,158,-1044,-1045,04.09.25 18:49
RU000A10B3Z3 ,ЕврХол3P03 ,"0,78",205,75763082,USD,100,SUR,"105,1381","104,6502","105,4501","105,1295","6,08",,- ,- ,08.03.27,,- ,105,"42,0414",- ,- ,- ,04.09.25,512,01.06.14,512,-743,-743,04.09.25 18:49
RU000A10C5L7 ,Селигдар4Р ,"15,62",1397,75754522,RUB,1000,SUR,"104,78","104,15","105,33","105,06","17,68",,- ,- ,08.01.28,,- ,"105,19","7,29",- ,- ,- ,04.09.25,696,17.8415,695,420,424,04.09.25 18:49
RU000A1082Q4 ,ВТБ ЗО-Т1 ,"47,5",188,75244929,USD,1000,SUR,"80,2316","79,55","80,8","80,8","13,36",,- ,- ,,,- ,"80,4974","1877,3091",- ,- ,- ,04.09.25,- ,,,,,04.09.25 18:49
RU000A10B4K3 ,НорНикБ1P8 ,"0,66",344,72336622,USD,100,SUR,"101,3956","100,5","101,6899","101,55","5,28",23.03.26,"4,9857",- ,23.02.30,23.03.26,23.03.26,"101,3868","29,9141",- ,- ,- ,04.09.25,194,01.05.45,194,-937,-939,04.09.25 18:49
SU26241RMFS8 ,ОФЗ 26241 ,"47,37",2866,72128981,RUB,1000,SUR,"83,333","82,452","83,948","83,283","13,59",,- ,- ,17.11.32,,- ,"83,347","25,77",- ,- ,- ,04.09.25,1834,13.5729,1834,-3,1,04.09.25 18:49
RU000A10CMD3 ,РостелP19R ,"10,93",74,70050538,RUB,1000,SUR,"99,69","99,55","100,01","100,01","14,13",,- ,- ,22.10.27,,- ,"100,01","0,73",- ,- ,- ,04.09.25,680,14.3305,679,67,69,04.09.25 18:49
RU000A10CLX3 ,УралСт1Р05 ,"15,21",1457,66865441,RUB,1000,SUR,"100,02","99,9","100,2","100,19","20,04",,- ,- ,15.02.28,,- ,"100,19","3,04",- ,- ,- ,04.09.25,722,20.1475,722,656,661,04.09.25 18:49
SU29018RMFS7 ,ОФЗ 29018 ,- ,224,65146195,RUB,1000,SUR,"97,416","97,119","97,822","97,119",- ,,- ,- ,26.11.31,,- ,"97,4","0,49",- ,- ,- ,04.09.25,1358,21.4305,1359,794,801,04.09.25 18:49
SU26244RMFS2 ,ОФЗ 26244 ,"56,1",2776,64899615,RUB,1000,SUR,"90,242","89,84","90,56","90,2","13,63",,- ,- ,15.03.34,,- ,"90,199","49,94",- ,- ,- ,04.09.25,1914,13.6228,1914,0,5,04.09.25 18:49
RU000A108Q29 ,АЛЬФАЗО850 ,"42,25",40,63778799,USD,1000,SUR,"101,1366","100,3","101,5","101,5","8,1",,- ,- ,15.04.30,,- ,"101,3959","2638,0963",- ,- ,- ,04.09.25,1386,31.07.94,1385,-546,-543,04.09.25 18:49
RU000A10BFG2 ,Атомэнпр05 ,"43,13",320,61653219,RUB,1000,SUR,"112,05","111,86","112,23","111,9","14,49",,- ,- ,11.04.30,,- ,"111,9","23,22",- ,- ,- ,04.09.25,1196,14.4411,1196,93,99,04.09.25 18:49
RU000A10AU73 ,ГТЛК 2P-07 ,"19,73",561,61489391,RUB,1000,SUR,"107,13","106,95","107,69","107,65","16,06",,- ,- ,04.08.26,,- ,"107,51","17,1",- ,- ,- ,04.09.25,298,16.7334,298,222,217,04.09.25 18:49
RU000A108VW7 ,РУСАЛ 1Р9 ,- ,174,60746879,RUB,1000,SUR,"99,97","99,9","100,24","100,05","22,12",,- ,- ,17.06.27,,- ,"99,95","4,98",- ,- ,- ,04.09.25,650,0.0169,650,,-1347,04.09.25 18:49
RU000A107CX7 ,ГТЛК ЗО28Д ,24,52,60454166,USD,1000,SUR,"95,4973","95,1777","95,89","95,81","6,77",,- ,- ,26.02.28,,- ,"95,89","86,5082",- ,- ,- ,04.09.25,861,01.06.79,860,-669,-667,04.09.25 18:49
SU26219RMFS4 ,ОФЗ 26219 ,"38,64",2369,58801837,RUB,1000,SUR,"95,164",95,"95,2","95,124","13,37",,- ,- ,16.09.26,,- ,"95,001","35,88",- ,- ,- ,04.09.25,355,13.3217,355,-33,-35,04.09.25 18:49
RU000A10BW62 ,МТС 2P-12 ,"14,79",198,57640559,RUB,1000,SUR,"102,15","102,05","102,49","102,24","16,09",25.06.26,"15,895",- ,01.06.30,25.06.26,25.06.26,"102,24","4,44",- ,- ,- ,04.09.25,273,16.0305,273,196,192,04.09.25 18:49
RU000A105A95 ,ГазКЗ-34Д ,"43,13",129,56857311,USD,1000,SUR,"113,7953","113,1493","114,3897","114,1074","6,48",,- ,- ,28.04.34,,- ,"114,1003","2440,8253",- ,- ,- ,04.09.25,2289,01.06.37,2288,-717,-714,04.09.25 18:49
RU000A105A61 ,НорНикБ1P2 ,"48,62",173,56603333,RUB,1000,SUR,99,"98,97","99,21","99,09","19,36",14.10.25,"17,3749",- ,05.10.27,14.10.25,14.10.25,"99,09","39,8",- ,- ,- ,04.09.25,38,18.3464,38,136,135,04.09.25 18:49
RU000A108G70 ,НОВАТЭК1Р2 ,"1,56",722,56381902,USD,100,SUR,"100,5732","99,98","101,3613","100,7975","6,15",,- ,- ,16.05.29,,- ,"100,9787","21,0207",- ,- ,- ,04.09.25,1212,01.06.39,1212,-736,-734,04.09.25 18:49
RU000A107UW1 ,Газпн3P10R ,- ,489,55849948,RUB,1000,SUR,"100,04",100,"100,15","100,14","20,96",,- ,- ,12.02.27,,- ,"100,02","7,4",- ,- ,- ,04.09.25,456,22.051,456,840,840,04.09.25 18:49
RU000A107JN3 ,ТМК ЗО2027 ,"21,5",66,54565366,USD,1000,SUR,"95,5958","95,5","96,3061","96,1578","7,17",,- ,- ,12.02.27,,- ,"96,0365","212,6323",- ,- ,- ,04.09.25,513,01.07.32,513,-633,-632,04.09.25 18:49
RU000A10CFH8 ,МОНОП 1P07 ,"18,9",3099,53829964,RUB,1000,SUR,"88,51","85,21","91,66","91,39","33,06",,- ,- ,05.08.27,,- ,"91,24","12,6",- ,- ,- ,04.09.25,556,35.8445,553,1955,1958,04.09.25 18:49
RU000A10AYW2 ,ПолиплП2Б2 ,- ,692,53792433,RUB,1000,SUR,"101,54","100,9","101,8","101,68","25,14",18.02.27,"-1,1357",- ,30.01.30,18.02.27,18.02.27,"101,49","7,23",- ,- ,- ,04.09.25,531,-1.0425,531,,-1463,04.09.25 18:49
RU000A104V75 ,ПочтаР2P01 ,"56,84",92,51070417,RUB,1000,SUR,94,"93,57","94,6","94,42","15,68",07.06.27,"15,589",- ,26.05.32,07.06.27,07.06.27,"94,56","28,73",- ,- ,- ,04.09.25,580,15.904,580,211,212,04.09.25 18:49
RU000A10A810 ,РФ ЗО 26 Д ,4750,2,49144752,USD,200000,SUR,"101,31","101,31","101,31","101,31","2,95",,- ,- ,27.05.26,,- ,"101,31","206950,2903",- ,- ,- ,04.09.25,259,01.02.14,259,-1107,-1108,04.09.25 18:49
RU000A107AQ5 ,ГТЛК ЗО26Д ,"24,75",59,47816708,USD,1000,SUR,"99,568",99,"99,7517","99,4942","6,06",,- ,- ,18.02.26,,- ,"99,383","177,8674",- ,- ,- ,04.09.25,165,01.05.37,166,-841,-842,04.09.25 18:49
RU000A10BW96 ,СамолетP18 ,"19,73",1263,46560233,RUB,1000,SUR,"115,48","114,68","115,97","115,93","19,71",,- ,- ,06.06.29,,- ,"115,8","5,92",- ,- ,- ,04.09.25,946,19.888,945,618,626,04.09.25 18:49
RU000A101M04 ,РЖД 1Р-20R ,"36,65",55,46528011,RUB,1000,SUR,"90,7","90,46","90,85","90,64","14,93",,- ,- ,15.03.27,,- ,"90,66","27,99",- ,- ,- ,04.09.25,519,14.8739,519,143,143,04.09.25 18:49
RU000A101Z74 ,ГПБ001P17P ,"64,27",208,45706327,RUB,1000,SUR,"97,28","96,87","97,3","97,3","14,38",03.08.28,"14,3441",- ,31.07.30,03.08.28,03.08.28,"97,28","12,23",- ,- ,- ,04.09.25,907,14.3535,907,86,90,04.09.25 18:49
SU29007RMFS0 ,ОФЗ 29007 ,"106,51",1507,44520138,RUB,1000,SUR,"104,941","104,8","105,16","105,088","18,09",,- ,- ,03.03.27,,- ,"104,978","0,59",- ,- ,- ,04.09.25,494,18.2139,494,456,457,04.09.25 18:49
RU000A10AT27 ,ИКС5Ф3P10 ,"16,4",64,43852860,RUB,1000,SUR,"108,25","107,78","108,35","108,2","14,67",24.02.27,"14,4487",- ,06.02.35,24.02.27,24.02.27,"107,89","4,37",- ,- ,- ,04.09.25,470,14.4079,470,91,91,04.09.25 18:49
RU000A104W17 ,ПочтаР2P02 ,"50,61",48,43189136,RUB,1000,SUR,"95,94","95,32","96,16","96,16","16,06",19.06.26,"15,9448",- ,08.06.32,19.06.26,19.06.26,"96,15","21,97",- ,- ,- ,04.09.25,277,16.2864,277,200,199,04.09.25 18:49
RU000A10C3F4 ,Сплит ПВ-1 ,"21,7",771,43120513,RUB,1000,SUR,"100,41","100,24","100,49","100,45","17,38",,- ,- ,29.09.29,,- ,"100,33","10,4",- ,- ,- ,04.09.25,461,17.4178,461,382,383,04.09.25 18:49
RU000A105KB0 ,ГТЛК 2P-02 ,"29,17",51,42594662,RUB,1000,SUR,"94,23","93,98","94,33","94,33","17,93",04.12.26,"17,8478",- ,17.11.37,04.12.26,04.12.26,"94,31","0,64",- ,- ,- ,04.09.25,428,17.9542,428,426,426,04.09.25 18:49
RU000A10BSL5 ,РостелP17R ,"13,56",35,42538653,RUB,1000,SUR,105,"104,94","105,37","105,15","14,51",,- ,- ,29.09.27,,- ,105,"11,3",- ,- ,- ,04.09.25,640,14.6006,640,103,106,04.09.25 18:49
RU000A105BY1 ,ГазКЗ-28Е ,"18,5",31,42426083,EUR,1000,SUR,"87,7438","87,2341","87,8155","87,8032","6,16",,- ,- ,17.11.28,,- ,"87,7499","1390,245",- ,- ,- ,04.09.25,1125,01.06.18,1125,-733,-732,04.09.25 18:49
RU000A109SH2 ,АЛРОСА1Р2 ,- ,170,41157025,RUB,1000,SUR,"100,28","100,17","100,41","100,41","20,02",,- ,- ,07.04.26,,- ,"100,26","13,11",- ,- ,- ,04.09.25,214,-0.4762,214,,-1495,04.09.25 18:49
BYM000001818 ,РесБел 331 ,"38,23",39,40770490,USD,1000,SUR,"99,4636","99,18","99,5789","99,5789","8,02",,- ,- ,29.06.27,,- ,"99,2005","1131,6063",- ,- ,- ,04.09.25,622,01.08.55,622,-544,-543,04.09.25 18:49
RU000A107RZ0 ,СамолетP13 ,"12,12",1588,40448678,RUB,1000,SUR,"96,08","95,93","96,4","96,09","27,81",03.02.26,"27,2078",- ,24.01.27,03.02.26,03.02.26,"96,02","1,21",- ,- ,- ,04.09.25,147,27.2406,147,1251,1249,04.09.25 18:49
RU000A105KU0 ,ГазКЗ-29Д ,"14,75",98,40331215,USD,1000,SUR,"89,3992","88,6","89,8018","89,7999","6,34",,- ,- ,27.01.29,,- ,"89,5993","244,9719",- ,- ,- ,04.09.25,1181,01.06.47,1181,-716,-715,04.09.25 18:49
RU000A10CMQ5 ,НовТех1Р8 ,"13,97",1228,39954616,RUB,1000,SUR,"101,46","100,6",103,"101,98","17,02",,- ,- ,24.08.27,,- ,"101,98","0,47",- ,- ,- ,04.09.25,615,17.3741,615,354,357,04.09.25 18:49
RU000A10CC99 ,МБЭС 2P-04 ,"12,04",264,39121536,RUB,1000,SUR,100,"99,96","100,03","99,99","15,68",02.08.28,"15,6281",- ,23.06.35,02.08.28,02.08.28,100,"8,43",- ,- ,- ,04.09.25,863,15.6233,863,214,218,04.09.25 18:49
RU000A10CL64 ,Сегежа3P7R ,"1,07",675,38839998,CNY,100,SUR,"99,5049","99,0241","99,884","99,7418","14,05",,- ,- ,18.02.27,,- ,"99,5688","3,1635",- ,- ,- ,04.09.25,484,14.2494,484,52,52,04.09.25 18:49
RU000A10CM06 ,АПРИ 2Р11 ,"20,55",1094,38714078,RUB,1000,SUR,"101,35","101,06","101,6","101,5","27,18",,- ,- ,13.08.28,,- ,"101,5","4,11",- ,- ,- ,04.09.25,769,27.2687,768,1367,1374,04.09.25 18:49
RU000A1039A8 ,ГазпромК 2 ,"42134,25",44,38060000,RUB,1000000,SUR,"86,5","86,5","86,5","86,5","8,02",,- ,- ,,,- ,"86,5","17594,52",- ,- ,- ,04.09.25,- ,,,,,04.09.25 18:49
RU000A10B347 ,Акрон Б1P7 ,"8,63",83,38059369,CNY,1000,SUR,"106,9753","105,9822","107,0001","106,64","4,99",04.03.27,"4,9948",- ,04.03.27,04.03.27,- ,"106,2216","77,9569",- ,- ,- ,04.09.25,418,01.04.99,418,-861,-861,04.09.25 18:49
RU000A10CFK2 ,ТБ-4_А1 ,"26,3",867,38011152,RUB,1000,SUR,"99,92","99,76","100,07",100,"17,21",,- ,- ,21.10.32,,- ,100,"5,7",- ,- ,- ,04.09.25,467,17.2815,467,365,367,04.09.25 18:49
RU000A105R62 ,ГазКЗ-28Д ,"24,75",50,37998740,USD,1000,SUR,"97,5099","97,299","97,6","97,6","6,03",,- ,- ,06.02.28,,- ,"97,4","311,2679",- ,- ,- ,04.09.25,840,01.06.88,840,-743,-742,04.09.25 18:49
RU000A10A885 ,РФ ЗО 25 Е ,2875,4,37563949,EUR,100000,SUR,"99,635","99,15","99,8","99,8","3,62",,- ,- ,04.12.25,,- ,"99,8","203420,6521",- ,- ,- ,04.09.25,89,01.04.77,89,-1163,-1164,04.09.25 18:49
RU000A1083A6 ,НорНикБ1P7 ,"15,86",314,36858987,RUB,1000,SUR,"99,82","99,72","99,98","99,8","21,19",,- ,- ,28.02.29,,- ,"99,89","8,99",- ,- ,- ,04.09.25,926,21.1839,926,767,774,04.09.25 18:49
RU000A10B008 ,ЮГК 1P4 ,"0,87",258,36262988,USD,100,SUR,"105,2143","104,872","105,488","105,488","6,85",,- ,- ,22.02.27,,- ,"105,1","9,7019",- ,- ,- ,04.09.25,498,01.07.51,498,-667,-667,04.09.25 18:49
RU000A10BZJ4 ,БалтЛизП18 ,"15,62",924,35940229,RUB,1000,SUR,"102,69","102,21","102,9","102,5","18,83",05.07.28,"18,8261",- ,05.07.28,05.07.28,- ,"102,79","7,81",- ,- ,- ,04.09.25,559,18.6839,560,527,535,04.09.25 18:49
RU000A107VV1 ,МКБ ЗО26-2 ,"19,38",35,35920059,USD,1000,SUR,"95,9583","95,6999","96,4109","96,4109","7,55",,- ,- ,21.09.26,,- ,"95,8418","1418,8964",- ,- ,- ,04.09.25,370,31.07.11,370,-612,-613,04.09.25 18:49
RU000A105146 ,ПИК К 1P5 ,"28,36",113,35759248,USD,1000,SUR,"98,5073","97,5006","98,889","98,5005","7,05",,- ,- ,19.11.26,,- ,"98,4901","1345,324",- ,- ,- ,04.09.25,424,30.06.66,424,-654,-654,04.09.25 18:49
RU000A103QK3 ,МэйлБ1Р1 ,"39,39",132,35233218,RUB,1000,SUR,"92,54","92,22","92,59","92,48","16,77",,- ,- ,15.09.26,,- ,"92,51","36,79",- ,- ,- ,04.09.25,353,16.6986,353,308,305,04.09.25 18:49
RU000A1095L7 ,СамолетP14 ,- ,740,35075118,RUB,1000,SUR,"92,26",92,"92,45","92,29","29,29",,- ,- ,22.07.27,,- ,"92,25","2,27",- ,- ,- ,04.09.25,565,29.5145,565,1599,1602,04.09.25 18:49
RU000A10BS76 ,iВУШ 1P4 ,"16,64",1284,34952274,RUB,1000,SUR,"104,27","103,92","104,98","104,23","19,87",,- ,- ,26.05.28,,- ,"104,25","13,87",- ,- ,- ,04.09.25,766,19.8514,766,638,644,04.09.25 18:49
RU000A107BL4 ,НорНикЗ25Д ,"12,75",40,34112762,USD,1000,SUR,"99,9841","99,6733","100,61","100,1","-3,48",,- ,- ,11.09.25,,- ,"100,1","990,3978",- ,- ,- ,04.09.25,6,01.03.01,6,-2002,-2002,04.09.25 18:49
RU000A105JT4 ,ГазКЗ-31Д ,"17,5",88,34039525,USD,1000,SUR,"85,401","85,0028","86,0997","86,09","6,39",,- ,- ,14.07.31,,- ,"86,0619","392,9252",- ,- ,- ,04.09.25,1922,01.06.22,1921,-721,-719,04.09.25 18:49
RU000A10CB66 ,Сегежа3P6R ,"19,32",1125,33628189,RUB,1000,SUR,"103,1","102,33","103,69","103,6","23,83",,- ,- ,25.01.28,,- ,"103,53","17,38",- ,- ,- ,04.09.25,667,24.1542,667,1034,1039,04.09.25 18:49
RU000A1054W1 ,Полюс Б1P2 ,"18,95",111,33249179,CNY,1000,SUR,"97,6486","97,06","98,1","97,4015","5,27",,- ,- ,24.08.27,,- ,"97,5931","10,6202",- ,- ,- ,04.09.25,697,01.05.53,697,-817,-816,04.09.25 18:49
RU000A10BTA6 ,РЖД 1Р-43R ,"13,07",100,32956242,RUB,1000,SUR,"106,28","105,64","106,62","106,39","14,6",31.05.29,"14,5733",- ,27.04.35,31.05.29,31.05.29,"106,15","7,84",- ,- ,- ,04.09.25,1040,14.6146,1040,105,111,04.09.25 18:49
RU000A108N55 ,АЛЬФАЗО500 ,"20,32",31,32934003,USD,1000,SUR,"83,3033","82,5645","83,6951","82,9016","9,45",,- ,- ,,,- ,"83,5","620,9188",- ,- ,- ,04.09.25,- ,,,,,04.09.25 18:49
RU000A10B313 ,Брус 2P05 ,"20,34",804,32882118,RUB,1000,SUR,"104,23","103,91","104,79","104,33","21,98",14.09.26,"21,7029",- ,03.03.28,14.09.26,14.09.26,"104,39","12,88",- ,- ,- ,04.09.25,330,21.8301,330,796,792,04.09.25 18:49
SU29015RMFS3 ,ОФЗ 29015 ,- ,252,32767077,RUB,1000,SUR,"99,243","99,167","99,67","99,252",- ,,- ,- ,18.10.28,,- ,"99,252","21,41",- ,- ,- ,04.09.25,848,22.4547,848,894,901,04.09.25 18:49
RU000A105ZX2 ,БорецК1Р01 ,"29,54",464,31667877,RUB,1000,SUR,"94,47","94,1",95,"94,69","24,66",,- ,- ,19.03.26,,- ,"94,59",25,- ,- ,- ,04.09.25,186,25.2127,186,1028,1024,04.09.25 18:49
RU000A10BJ02 ,АЛРОСА1Р3 ,"0,55",102,31533510,USD,100,SUR,"101,018","100,6027","101,1372","101,129","4,98",,- ,- ,24.04.26,,- ,"101,0174","12,1273",- ,- ,- ,04.09.25,226,30.04.64,226,-919,-921,04.09.25 18:49
SU26218RMFS6 ,ОФЗ 26218 ,"42,38",2132,30315737,RUB,1000,SUR,"81,221","80,859","81,948","81,319","13,49",,- ,- ,17.09.31,,- ,"81,217","37,72",- ,- ,- ,04.09.25,1636,13.5224,1636,-10,-6,04.09.25 18:49
RU000A10AC83 ,ПСБ 3P-10 ,"18,49",199,30129154,RUB,1000,SUR,"102,4","102,3","102,49","102,39","16,59",,- ,- ,11.01.26,,- ,"102,35","12,95",- ,- ,- ,04.09.25,122,16.5544,122,168,164,04.09.25 18:49
RU000A10AZ60 ,РЖД 1Р-38R ,"14,71",446,30068876,RUB,1000,SUR,"114,69","114,29","114,9","114,75","14,37",,- ,- ,02.03.30,,- ,"114,65","4,9",- ,- ,- ,04.09.25,1169,14.3858,1169,82,88,04.09.25 18:49
BYM000001941 ,РесБел 336 ,"31,25",36,29728561,USD,1000,SUR,"94,0424","93,8","95,7345",95,"7,68",,- ,- ,28.02.30,,- ,95,"96,1325",- ,- ,- ,04.09.25,1446,01.07.71,1445,-588,-586,04.09.25 18:49
RU000A10BQB0 ,ГТЛК 2P-08 ,"16,03",193,29579175,RUB,1000,SUR,"110,19","109,54","111,26","110,35","15,88",,- ,- ,18.05.28,,- ,"110,25","1,6",- ,- ,- ,04.09.25,784,15.9598,784,239,244,04.09.25 18:49
RU000A1056U0 ,ГазКЗ-27Д ,"24,75",53,29556132,USD,1000,SUR,"99,3405","99,0003","100,149","99,0003","5,65",,- ,- ,23.03.27,,- ,"99,7131","1789,9924",- ,- ,- ,04.09.25,537,01.05.01,537,-783,-784,04.09.25 18:49
RU000A1034P7 ,ВТБСУБТ1-5 ,"498630,14",5,28860000,RUB,10000000,SUR,"57,72","57,5",58,"57,5","14,9",,- ,- ,,,- ,"57,5","290410,96",- ,- ,- ,04.09.25,- ,,,,,04.09.25 18:49
BYM000001917 ,РесБел 334 ,"29,62",22,28468860,USD,1000,SUR,"99,1901","98,66","99,4","99,296","7,41",,- ,- ,24.02.26,,- ,"99,295","143,1467",- ,- ,- ,04.09.25,172,01.07.62,171,-697,-697,04.09.25 18:49
RU000A10BGJ4 ,Аэрофл2Б01 ,- ,253,28396802,RUB,1000,SUR,"102,01","101,81","102,1","102,1","21,16",,- ,- ,08.04.28,,- ,"102,09","7,27",- ,- ,- ,04.09.25,946,-0.7602,946,,-1425,04.09.25 18:49
RU000A1059P4 ,ЛУКОЙЛ 27 ,14,34,27575840,USD,1000,SUR,"98,0112","96,2189","98,2999",98,"4,06",,- ,- ,26.04.27,,- ,"98,2999","805,254",- ,- ,- ,04.09.25,582,01.04.53,582,-940,-940,04.09.25 18:49
RU000A10C6P6 ,АФБАНК1Р15 ,"13,77",523,27487378,RUB,1000,SUR,"104,54","104,08","104,99","104,84","15,69",,- ,- ,09.07.28,,- ,"104,97","5,05",- ,- ,- ,04.09.25,834,15.8334,833,220,225,04.09.25 18:49
RU000A10BVW6 ,sЕвТранс01 ,"18,9",577,27215020,RUB,1000,SUR,"106,24","105,33","106,5","106,38","20,49",,- ,- ,20.05.32,,- ,"106,25","6,3",- ,- ,- ,04.09.25,1003,20.5487,1003,693,703,04.09.25 18:49
SU29010RMFS4 ,ОФЗ 29010 ,"112,24",450,27052821,RUB,1000,SUR,"109,579","109,5","109,985","109,545","21,18",,- ,- ,06.12.34,,- ,"109,545","48,1",- ,- ,- ,04.09.25,1559,21.173,1560,756,764,04.09.25 18:49
SU29008RMFS8 ,ОФЗ 29008 ,"110,05",488,26070063,RUB,1000,SUR,"106,023","105,9","106,446","106,013","20,81",,- ,- ,03.10.29,,- ,106,"89,49",- ,- ,- ,04.09.25,986,20.8056,986,727,735,04.09.25 18:49
RU000A10AUX8 ,НОВАТЭК1Р3 ,"0,77",421,25954857,USD,100,SUR,"107,7642",107,"107,9921","107,94","6,08",,- ,- ,27.02.28,,- ,"107,89","50,1263",- ,- ,- ,04.09.25,810,31.05.59,810,-738,-736,04.09.25 18:49
RU000A107L82 ,СовкомТ101 ,"29,27",67,25775052,USD,1000,SUR,"99,3164","99,1975","100,1396","100,1396","10,64",,- ,- ,,,- ,"100,1","709,8525",- ,- ,- ,04.09.25,- ,,,,,04.09.25 18:49
RU000A10BPN7 ,ПолиплП2Б5 ,"20,96",664,25279835,RUB,1000,SUR,"113,09","111,93","114,5","112,86","18,11",,- ,- ,19.05.27,,- ,"112,77","5,59",- ,- ,- ,04.09.25,515,17.942,515,459,461,04.09.25 18:49
RU000A10B396 ,МОНОП 1P04 ,"21,78",1910,24295387,RUB,1000,SUR,"92,44",87,"95,9","95,9","36,19",,- ,- ,08.09.26,,- ,"95,2","15,25",- ,- ,- ,04.09.25,320,41.9239,319,2243,2238,04.09.25 18:49
RU000A108Z85 ,РЖД 1Р-32R ,"16,68",687,24236924,RUB,1000,SUR,"99,86","99,7","100,25","100,16","21,43",,- ,- ,18.08.29,,- ,"100,13",7,- ,- ,- ,04.09.25,1007,21.5635,1006,790,797,04.09.25 18:49
RU000A109B33 ,Газпн3P13R ,- ,488,24173330,RUB,1000,SUR,"99,92","99,85","100,05","99,98","21,1",,- ,- ,09.02.28,,- ,"99,97","6,35",- ,- ,- ,04.09.25,887,0.0329,887,,-1344,04.09.25 18:49
RU000A10ASB8 ,Россет1Р15 ,"17,67",131,24063902,RUB,1000,SUR,"106,17","105,76","106,23","105,89","15,36",,- ,- ,25.07.26,,- ,"106,17","3,53",- ,- ,- ,04.09.25,296,14.9833,296,150,147,04.09.25 18:49
RU000A105WH2 ,ГазКЗ-26Е ,25,25,23992708,EUR,1000,SUR,"98,3361","98,09","98,477","98,4754","5,34",,- ,- ,21.03.26,,- ,"98,4754","1078,2646",- ,- ,- ,04.09.25,196,01.05.34,197,-894,-895,04.09.25 18:49
SU26226RMFS9 ,ОФЗ 26226 ,"39,64",1291,23875249,RUB,1000,SUR,"95,037","94,708","95,225","95,197","13,21",,- ,- ,07.10.26,,- ,"95,001","32,23",- ,- ,- ,04.09.25,375,13.391,375,-45,-47,04.09.25 18:49
RU000A10BQC8 ,HENDERSON ,"16,03",375,23846158,RUB,1000,SUR,"106,14","105,65","106,5","106,5","16,28",,- ,- ,24.05.27,,- ,"106,48","1,6",- ,- ,- ,04.09.25,539,16.5432,539,278,279,04.09.25 18:49
RU000A10BU23 ,НорНик1P11 ,"5,75",35,23830298,CNY,1000,SUR,"102,1563","102,19","102,6","102,5","4,97",19.11.26,"4,8543",- ,25.05.30,19.11.26,19.11.26,"102,5","34,6852",- ,- ,- ,04.09.25,422,01.05.83,422,-874,-875,04.09.25 18:49
RU000A1087F6 ,Ульоб34008 ,"39,89",393,22622780,RUB,1000,SUR,"100,31","100,2","100,62","100,4","16,76",,- ,- ,05.04.29,,- ,"100,35","24,55",- ,- ,- ,04.09.25,762,16.8073,762,326,332,04.09.25 18:49
RU000A107D58 ,ГТЛК ЗО29Д ,"21,75",23,22611199,USD,1000,SUR,"92,9145","92,6999","93,2499","93,2498","6,65",,- ,- ,27.02.29,,- ,"93,2499","68,7215",- ,- ,- ,04.09.25,1188,01.06.84,1188,-686,-684,04.09.25 18:49
RU000A104JQ3 ,СамолетP11 ,"129,64",566,22377706,RUB,1000,SUR,"106,88","106,62","107,41","107,09","21,04",12.02.27,"20,8974",- ,08.02.28,12.02.27,12.02.27,"106,69","16,38",- ,- ,- ,04.09.25,465,21.0805,465,734,735,04.09.25 18:49
RU000A106TM6 ,ВТБ Б1-343 ,"14,79",314,22370405,RUB,1000,SUR,"98,55","98,45","98,64","98,63","21,38",,- ,- ,01.09.26,,- ,"98,5","1,48",- ,- ,- ,04.09.25,332,21.4883,332,762,760,04.09.25 18:49
RU000A10B933 ,Селигдар3Р ,"19,11",693,22271875,RUB,1000,SUR,"112,1","111,45","112,76","112,4","17,37",,- ,- ,25.09.27,,- ,"112,32","18,47",- ,- ,- ,04.09.25,613,17.5566,612,388,392,04.09.25 18:49
RU000A10BQV8 ,ИнвКЦ 1Р1 ,"0,99",359,21908651,USD,100,SUR,"103,2316",103,"103,5576","103,5","11,12",,- ,- ,19.06.28,,- ,"103,35","2,4255",- ,- ,- ,04.09.25,872,01.11.92,871,-236,-233,04.09.25 18:49
RU000A105DL4 ,НовТехнБ1 ,"67,32",126,21750756,RUB,1000,SUR,"98,81","98,52","99,15","98,8","21,68",06.11.25,"21,1815",- ,02.11.27,06.11.25,06.11.25,"98,8","44,75",- ,- ,- ,04.09.25,61,21.1123,61,552,551,04.09.25 18:49
SU26237RMFS6 ,ОФЗ 26237 ,"33,41",1027,21486744,RUB,1000,SUR,"82,964","82,501","83,499","82,85","13,33",,- ,- ,14.03.29,,- ,"82,605","31,02",- ,- ,- ,04.09.25,1110,13.2769,1111,-18,-15,04.09.25 18:49
RU000A10AAQ4 ,СФО СФ1 01 ,"21,23",524,21170557,RUB,1000,SUR,"108,75","108,54","109,28","108,74","14,63",,- ,- ,27.12.28,,- ,"108,74","5,48",- ,- ,- ,04.09.25,277,14.6115,277,71,67,04.09.25 18:49
RU000A10BU31 ,КАМАЗ БП15 ,"14,79",426,21133226,RUB,1000,SUR,"104,28","103,5","104,89","104,3","16,3",,- ,- ,10.06.27,,- ,"104,45","7,89",- ,- ,- ,04.09.25,553,16.3162,553,281,282,04.09.25 18:49
RU000A10CG79 ,МСПБанк3P2 ,- ,251,20977504,RUB,1000,SUR,"100,39","100,33","100,6","100,39","23,15",,- ,- ,09.08.27,,- ,"100,39","9,32",- ,- ,- ,04.09.25,703,-0.2017,703,,-1364,04.09.25 18:49
RU000A10A349 ,РусГид2Р01 ,"16,44",291,20896297,RUB,1000,SUR,"100,94","100,5","101,2","101,07","20,71",,- ,- ,04.11.26,,- ,"101,07","13,15",- ,- ,- ,04.09.25,425,-0.7998,425,,-1450,04.09.25 18:49
RU000A10BPF3 ,ТГК-14 1Р7 ,"53,6",517,20056592,RUB,1000,SUR,"106,95","106,65","107,25","106,92","20,66",,- ,- ,23.05.30,,- ,"106,99","4,12",- ,- ,- ,04.09.25,1138,20.6533,1138,711,718,04.09.25 18:49
RU000A10B263 ,АБЗ-1 2Р02 ,"20,14",457,19888074,RUB,1000,SUR,"100,01","99,97","100,13","100,13","27,34",,- ,- ,25.02.28,,- ,"100,03","17,45",- ,- ,- ,04.09.25,903,-0.004,903,,-1350,04.09.25 18:49
RU000A105RH2 ,ГазКЗ-37Д ,"36,44",85,19779266,USD,1000,SUR,"107,3005","106,8601","107,781","107,3604","6,4",,- ,- ,16.08.37,,- ,"107,7755","294,2896",- ,- ,- ,04.09.25,3028,01.06.06,3027,-726,-726,04.09.25 18:49
RU000A10CCG7 ,iКарРус1P7 ,15,501,19692157,RUB,1000,SUR,"100,11","100,01","100,42","100,35","19,6",,- ,- ,02.08.27,,- ,"100,2","11,5",- ,- ,- ,04.09.25,586,19.7765,586,611,614,04.09.25 18:49
RU000A108RP9 ,АФБАНК1Р12 ,"55,35",93,19690869,RUB,1000,SUR,"99,99","99,82",100,"99,92","24,17",,- ,- ,18.06.27,,- ,"99,97","46,22",- ,- ,- ,04.09.25,530,24.113,530,1067,1068,04.09.25 18:49
RU000A107MM9 ,КАМАЗ БП11 ,"36,15",230,19177248,RUB,1000,SUR,"98,99","98,93","99,2","99,03","18,29",,- ,- ,21.01.26,,- ,"98,99","17,08",- ,- ,- ,04.09.25,134,18.4142,134,348,346,04.09.25 18:49
RU000A106Z46 ,Систем1P26 ,- ,245,19127410,RUB,1000,SUR,"94,25","94,11","94,48","94,2","26,51",,- ,- ,28.09.27,,- ,"94,2","36,68",- ,- ,- ,04.09.25,753,01.02.72,753,,-1045,04.09.25 18:49
RU000A108G05 ,ЕврХол3P01 ,- ,186,18864194,RUB,1000,SUR,"99,77","99,62","99,87","99,72","21,42",,- ,- ,07.11.26,,- ,"99,76","11,1",- ,- ,- ,04.09.25,428,0.1966,428,,-1335,04.09.25 18:49
SU29017RMFS9 ,ОФЗ 29017 ,- ,442,18550837,RUB,1000,SUR,"96,629",96,"97,498","97,214",- ,,- ,- ,25.08.32,,- ,"97,389","0,49",- ,- ,- ,04.09.25,1437,21.6335,1434,785,792,04.09.25 18:49
RU000A107UU5 ,Брус 2P02 ,"13,8",568,18088176,RUB,1000,SUR,"99,05",99,"99,16","99,16","48,62",18.09.25,"44,999",- ,28.03.27,18.09.25,18.09.25,"99,13","8,46",- ,- ,- ,04.09.25,- ,49.557,0,,,04.09.25 18:49
SU29024RMFS5 ,ОФЗ 29024 ,- ,313,17717276,RUB,1000,SUR,"96,227","96,05","96,408","96,246",- ,,- ,- ,18.04.35,,- ,"96,249","17,74",- ,- ,- ,04.09.25,1545,22.9455,1545,932,940,04.09.25 18:49
RU000A10A9Z1 ,Магнит4P05 ,"18,9",891,17559534,RUB,1000,SUR,"106,13","105,71","106,71","106,05","11,29",10.03.26,"10,5198",- ,13.11.29,10.03.26,10.03.26,"106,21","18,27",- ,- ,- ,04.09.25,177,01.10.86,177,-393,-397,04.09.25 18:49
RU000A10CJ92 ,ПР-Лиз 2P3 ,"16,44",772,17469018,RUB,1000,SUR,"97,93","97,65","98,11","98,07","23,4",23.08.27,"23,2071",- ,05.07.35,23.08.27,23.08.27,"98,07","4,93",- ,- ,- ,04.09.25,593,23.3148,593,972,975,04.09.25 18:49
XS0088543193 ,RUS-28 ,"63,75",35,17309841,USD,1000,SUR,"122,3437","122,0101","122,9497","122,7324","4,06",,- ,- ,24.06.28,,- ,"122,5542","2004,3765",- ,- ,- ,04.09.25,888,01.04.47,888,-942,-938,04.09.25 18:49
RU000A107746 ,TCS perp2 ,15,30,16912736,USD,1000,SUR,"78,6427","77,0303",79,"78,95","7,84",,- ,- ,,,- ,"78,6","996,8657",- ,- ,- ,04.09.25,- ,,,,,04.09.25 18:49
RU000A10C8T4 ,СибурХ1Р07 ,"11,47",239,16825555,RUB,1000,SUR,"101,38","101,19","101,69","101,37","14,32",,- ,- ,11.02.29,,- ,"101,47","1,53",- ,- ,- ,04.09.25,1003,14.3137,1003,81,86,04.09.25 18:49
RU000A10B7T7 ,ТБ-3_01 ,"15,55",653,16746127,RUB,"732,12",SUR,"104,76","104,38","105,18","104,91","17,1",,- ,- ,26.03.30,,- ,"104,5","4,51",- ,- ,- ,04.09.25,196,17.415,196,298,275,04.09.25 18:49
RU000A105EW9 ,Сегежа3P1R ,"10,35",70,16700389,CNY,1000,SUR,"98,7734","98,0019","99,5678",99,"10,11",06.11.25,"10,5386",- ,22.10.37,06.11.25,06.11.25,"98,5495","35,928",- ,- ,- ,04.09.25,61,30.11.49,61,-512,-513,04.09.25 18:49
RU000A108AS9 ,ДАРСДев1Р2 ,"43,63",299,16617287,RUB,1000,SUR,"97,23","97,1","97,9","97,49","23,8",,- ,- ,17.04.26,,- ,"97,39","23,01",- ,- ,- ,04.09.25,212,24.3589,212,958,954,04.09.25 18:49
RU000A1069P3 ,Сбер Sb44R ,"46,62",983,16413145,RUB,1000,SUR,"95,96","95,8","96,27","96,04","15,86",,- ,- ,27.05.26,,- ,"96,02","25,36",- ,- ,- ,04.09.25,255,15.9927,255,183,181,04.09.25 18:49
RU000A105C28 ,ЧеркизБ1P5 ,"24,81",218,16385671,RUB,1000,SUR,"98,9","98,82","99,06","98,9","18,31",,- ,"18,3053",23.10.25,,- ,"98,9","11,45",- ,- ,- ,04.09.25,48,19.8276,48,396,396,04.09.25 18:49
RU000A10C8A4 ,ПолиплП2Б8 ,"1,15",496,16263916,CNY,100,SUR,"102,1113",102,"102,98","102,98","12,29",,- ,- ,22.01.27,,- ,"102,5244","2,1466",- ,- ,- ,04.09.25,460,13.0415,460,-126,-126,04.09.25 18:49
RU000A10AV31 ,iКарРус1P5 ,"20,96",504,16206203,RUB,1000,SUR,"104,15","103,5","104,49","104,33","20,29",,- ,- ,09.05.26,,- ,"104,14","16,07",- ,- ,- ,04.09.25,225,20.6185,225,615,610,04.09.25 18:49
RU000A10BNF8 ,РусГидБП13 ,"14,26",49,16134177,RUB,1000,SUR,"106,5","106,22","107,1","107,1","13,99",,- ,- ,11.08.27,,- ,"107,1","6,65",- ,- ,- ,04.09.25,604,14.3762,603,51,53,04.09.25 18:49
RU000A10C2L4 ,СэтлГрБ2P6 ,"16,03",162,15932486,RUB,1000,SUR,"104,36",104,105,"104,91","16,83",10.02.27,"16,6428",- ,24.06.29,10.02.27,10.02.27,"104,73","11,22",- ,- ,- ,04.09.25,457,17.1281,456,309,309,04.09.25 18:49
RU000A10BF48 ,ЯНДЕКС1Р1 ,- ,495,15846823,RUB,1000,SUR,"100,8",100,"101,18","100,88","20,82",,- ,- ,11.04.27,,- ,"100,8","8,64",- ,- ,- ,04.09.25,583,-0.4969,583,,-1401,04.09.25 18:49
SU29009RMFS6 ,ОФЗ 29009 ,"112,04",313,15835695,RUB,1000,SUR,"108,642","108,5","108,7","108,65","21,03",,- ,- ,05.05.32,,- ,"108,65","69,56",- ,- ,- ,04.09.25,1330,21.0366,1330,744,752,04.09.25 18:49
RU000A10AHA3 ,ИКС5Фин3P7 ,"18,78",947,15808493,RUB,1000,SUR,"100,22","99,95","100,47","100,37","17,21",25.09.25,"13,3252",- ,04.12.34,25.09.25,25.09.25,"100,34","7,51",- ,- ,- ,04.09.25,19,16.4442,19,-301,-302,04.09.25 18:49
RU000A10B0E4 ,Сбер SbD5R ,- ,402,15745085,RUB,1000,SUR,"56,34","56,13","56,6","56,39","17,12",,- ,- ,12.03.30,,- ,"56,4",- ,- ,- ,- ,04.09.25,1649,17.153,1649,,356,04.09.25 18:49
RU000A107EL8 ,НЛМКЗО26-Д ,"23,5",15,15625068,USD,1000,SUR,"99,7597","99,25","100,0634","100,0634","4,62",,- ,- ,30.05.26,,- ,"99,8124","992,0148",- ,- ,- ,04.09.25,262,30.04.07,262,-937,-938,04.09.25 18:49
RU000A10CCN3 ,О'КЕЙ Б1Р8 ,"13,89",93,15621088,RUB,1000,SUR,"100,12","100,05","100,49","100,11","18,17",09.02.27,"18,0034",- ,28.07.28,09.02.27,09.02.27,"100,34","10,19",- ,- ,- ,04.09.25,462,17.9942,462,446,445,04.09.25 18:49
RU000A10B0A2 ,Магнит5P03 ,- ,226,15600751,RUB,1000,SUR,"101,09","100,97","101,96","101,2","20,31",,- ,- ,27.08.26,,- ,"101,04","1,64",- ,- ,- ,04.09.25,356,-1.1055,356,,-1494,04.09.25 18:49
RU000A10BGU1 ,ПКБ 1Р-07 ,"20,14",123,15558443,RUB,1000,SUR,"109,05","108,67","109,24","108,99","21,52",,- ,- ,09.04.28,,- ,"108,92","8,05",- ,- ,- ,04.09.25,659,21.4854,659,803,808,04.09.25 18:49
RU000A103SC6 ,ВТБСУБ1-12 ,"1234109,59",2,15165000,RUB,10000000,SUR,"75,83","75,8","75,85","75,8","21,47",,- ,- ,,,- ,"75,83","1064589,04",- ,- ,- ,04.09.25,- ,,,,,04.09.25 18:49
RU000A1062M5 ,SELGOLD001 ,"127,46",337,14986249,RUB,8801,SUR,"91,85","90,47",93,93,"8,99",,- ,- ,31.03.28,,- ,"92,62","82,22",- ,- ,- ,04.09.25,867,01.09.97,867,-442,-440,04.09.25 18:49
RU000A106UW3 ,iКарРус1P3 ,"11,26",1292,14929603,RUB,1000,SUR,"91,13","90,71","91,65","91,14","20,96",,- ,- ,18.08.27,,- ,"91,01","2,63",- ,- ,- ,04.09.25,621,20.9677,621,749,751,04.09.25 18:49
SU29021RMFS1 ,ОФЗ 29021 ,- ,280,14759651,RUB,1000,SUR,"97,488","97,26","97,7","97,26",- ,,- ,- ,27.11.30,,- ,"97,491","0,49",- ,- ,- ,04.09.25,1234,21.4905,1235,800,808,04.09.25 18:49
RU000A101FG8 ,Ростел2P2R ,"33,16",26,14494752,RUB,1000,SUR,"90,35","90,26","90,35","90,35","14,84",,- ,- ,10.02.27,,- ,"90,35","4,01",- ,- ,- ,04.09.25,504,14.8415,504,133,133,04.09.25 18:49
RU000A10C5Z7 ,МОНОП 1P06 ,"20,34",1317,14321327,RUB,1000,SUR,"91,75","86,01","94,85","94,68","32,5",,- ,- ,14.07.27,,- ,"94,2","8,14",- ,- ,- ,04.09.25,540,35.3205,537,1899,1901,04.09.25 18:49
RU000A106A86 ,iКарРус1P2 ,"31,66",825,14272251,RUB,1000,SUR,"94,57",94,"95,39","94,97","22,11",,- ,- ,22.05.26,,- ,"95,02","4,52",- ,- ,- ,04.09.25,250,22.8565,250,805,804,04.09.25 18:49
RU000A10BS68 ,УралСт1Р04 ,"1,05",207,14139908,USD,100,SUR,"103,1819","102,92","103,5","103,31","11,68",,- ,- ,28.11.27,,- ,"103,4633","70,3385",- ,- ,- ,04.09.25,708,01.11.59,708,-179,-176,04.09.25 18:49
RU000A10AS28 ,БинФарм1P4 ,"20,96",625,14091782,RUB,1000,SUR,"107,74","107,49","108,51",108,"17,28",05.08.26,"16,8859",- ,22.01.28,05.08.26,05.08.26,"107,89",- ,- ,- ,- ,04.09.25,302,17.226,302,305,302,04.09.25 18:49
RU000A109TW9 ,НорНик Б10 ,- ,88,14031669,RUB,1000,SUR,"99,8","99,49","100,16","99,5","21,13",04.10.28,"0,163",- ,26.09.29,04.10.28,04.10.28,"99,5","8,9",- ,- ,- ,04.09.25,1125,0.065,1125,,-1332,04.09.25 18:49
RU000A1086N2 ,CTRLлиз1Р2 ,"14,32",1002,13964748,RUB,"954,4",SUR,"78,01","77,8","78,47","78,46","39,55",,- ,- ,29.03.29,,- ,"78,01","8,59",- ,- ,- ,04.09.25,546,40.0832,545,2598,2607,04.09.25 18:49
RU000A102FT9 ,Систем1P17 ,"114,68",133,13892896,RUB,1000,SUR,"102,63","102,45",103,"102,83","19,45",04.06.26,"19,1835",- ,25.11.30,04.06.26,04.06.26,"102,81","59,23",- ,- ,- ,04.09.25,253,19.5002,253,516,513,04.09.25 18:49
RU000A109908 ,МВ ФИН 1Р5 ,- ,555,13805139,RUB,1000,SUR,"93,14","92,18","93,95","93,94","34,33",,- ,- ,06.08.26,,- ,"93,8","14,63",- ,- ,- ,04.09.25,335,31.07.48,335,,-674,04.09.25 18:49
RU000A10BJX9 ,БалтЛизП16 ,"18,29",422,13782500,RUB,1000,SUR,"107,52","107,12","107,75","107,19","18,72",,- ,- ,14.05.28,15.05.28,- ,"107,52","4,27",- ,- ,- ,04.09.25,521,18.4696,521,517,523,04.09.25 18:49
RU000A10AHU1 ,ОилРес1P1 ,"27,12",685,13719057,RUB,1000,SUR,"111,66","111,07","111,9","111,8","32,15",,- ,- ,02.12.29,,- ,"111,54","9,04",- ,- ,- ,04.09.25,881,32.2148,881,1859,1870,04.09.25 18:49
RU000A105RZ4 ,ГазКЗ-27Е ,15,43,13552259,EUR,1000,SUR,"93,3666","93,1211","93,9555","93,8968","6,01",,- ,- ,17.02.27,,- ,"93,8966","770,9969",- ,- ,- ,04.09.25,524,01.06.09,524,-749,-749,04.09.25 18:49
RU000A10BFP3 ,МВ ФИН 1Р6 ,"21,37",710,13435113,RUB,1000,SUR,"107,74","106,7","109,83",109,"21,22",,- ,- ,11.04.27,,- ,"107,62","11,4",- ,- ,- ,04.09.25,482,22.2829,482,769,770,04.09.25 18:49
RU000A109874 ,СамолетP15 ,"16,03",729,13377403,RUB,1000,SUR,"100,56","100,12","101,2","100,47","20,68",07.08.26,"20,4898",- ,30.07.27,07.08.26,07.08.26,"100,34","13,89",- ,- ,- ,04.09.25,305,20.363,305,667,663,04.09.25 18:49
RU000A104XR2 ,Автодор3Р2 ,"53,1",455,13317396,RUB,1000,SUR,"92,88","92,11","94,38","93,6","15,33",,- ,- ,01.07.27,,- ,"93,7","9,63",- ,- ,- ,04.09.25,613,15.8575,612,186,188,04.09.25 18:49
RU000A108GN7 ,Систем1P30 ,- ,389,13297680,RUB,1000,SUR,"93,91","93,7",94,"93,84","25,21",,- ,- ,17.08.28,,- ,"93,99","7,75",- ,- ,- ,04.09.25,1077,01.02.78,1077,,-1125,04.09.25 18:49
RU000A109551 ,БалтЛизП12 ,"16,68",579,13293258,RUB,1000,SUR,"96,31","96,08","96,4","96,38","25,61",,- ,- ,25.08.27,,- ,"96,28",- ,- ,- ,- ,04.09.25,719,01.01.45,719,,-1153,04.09.25 18:49
RU000A10A8E8 ,РФ ЗО 30 Д ,- ,63,13261922,USD,"0,05",SUR,"105,0151","104,9994","105,2497",105,"5,19",,- ,- ,31.03.30,,- ,"105,2491","0,1297",- ,- ,- ,04.09.25,554,46.2757,554,3241,3281,04.09.25 18:49
RU000A1066A1 ,УралСт1Р02 ,"26,43",480,13147556,RUB,1000,SUR,"94,62","94,52","95,13","94,74","21,1",,- ,- ,24.04.26,,- ,"94,55","11,91",- ,- ,- ,04.09.25,223,21.3521,223,692,690,04.09.25 18:49
RU000A10BZT3 ,БинФарм1P6 ,"16,03",131,13104331,RUB,1000,SUR,"103,6","103,5","103,8","103,7","17,74",13.01.27,"17,1773",- ,22.06.28,13.01.27,13.01.27,"103,59","14,96",- ,- ,- ,04.09.25,433,17.2712,433,361,359,04.09.25 18:49
RU000A10ABC2 ,Новосиб 26 ,"18,49",237,12924703,RUB,1000,SUR,"105,72","105,28","105,99","105,94","18,59",,- ,- ,28.11.27,,- ,"105,98","15,41",- ,- ,- ,04.09.25,398,18.818,398,494,496,04.09.25 18:49
RU000A101QL5 ,ГТЛК 1P-17 ,"18,55",208,12728034,RUB,1000,SUR,"92,72","91,86","92,92","92,88","19,39",28.05.26,"19,295",- ,14.05.35,28.05.26,28.05.26,"92,84","2,04",- ,- ,- ,04.09.25,259,19.5838,259,528,527,04.09.25 18:49
RU000A10CM14 ,Росинтер01 ,"63,58",331,12692941,RUB,1000,SUR,"102,27","101,6","103,15","102,4","26,65",,- ,- ,25.08.28,,- ,"102,4","4,19",- ,- ,- ,04.09.25,792,26.7268,792,1314,1322,04.09.25 18:49
RU000A109TG2 ,iКарРус1P4 ,- ,676,12683433,RUB,1000,SUR,"95,15","94,88","95,78","95,14","29,55",,- ,- ,08.10.26,,- ,"95,08","12,08",- ,- ,- ,04.09.25,398,01.04.46,398,,-895,04.09.25 18:49
RU000A10C2E9 ,Аэрфью2Р05 ,"49,24",260,12677398,RUB,1000,SUR,"102,89","102,65","103,79","103,36","18,76",,- ,- ,12.07.27,,- ,"103,37","28,14",- ,- ,- ,04.09.25,568,19.0977,567,527,529,04.09.25 18:49
RU000A109KT4 ,ТФинанс1P1 ,- ,278,12646259,RUB,1000,SUR,"100,74","100,6","100,9","100,65","21,98",,- ,- ,10.09.26,,- ,"100,75","10,8",- ,- ,- ,04.09.25,370,-0.7246,370,,-1433,04.09.25 18:49
RU000A10C634 ,ВИС Ф БП09 ,"13,97",653,12627008,RUB,1000,SUR,"102,75","102,38","103,54","103,52","16,6",,- ,- ,08.07.28,,- ,"103,39","5,59",- ,- ,- ,04.09.25,828,16.9845,828,311,316,04.09.25 18:49
RU000A105A87 ,СКФ ЗО2028 ,"19,25",19,12552148,USD,1000,SUR,"94,6674","94,3115","94,9","94,3837","6,28",,- ,- ,26.04.28,,- ,"94,8999","1106,8201",- ,- ,- ,04.09.25,911,01.06.62,911,-718,-717,04.09.25 18:49
RU000A10CCJ1 ,СлавЭКО1Р4 ,"1,1",220,12307891,USD,100,SUR,"100,022","99,7664","100,3294","100,329","13,6",,- ,- ,01.09.28,,- ,"100,15","66,296",- ,- ,- ,04.09.25,903,13.7375,903,11,15,04.09.25 18:49
RU000A107S10 ,РСХБ2Р3 ,"16,8",337,12231938,RUB,1000,SUR,"100,12","99,73","100,19","100,18","21,49",,- ,- ,29.01.27,,- ,"100,18","8,13",- ,- ,- ,04.09.25,446,21.5511,446,793,792,04.09.25 18:49
RU000A0ZYU05 ,РЖД 1Р-05R ,"36,4",51,12185482,RUB,1000,SUR,"96,76","96,11","96,8","96,79","15,63",13.02.26,"15,477",- ,01.02.33,13.02.26,13.02.26,"96,78","4,6",- ,- ,- ,04.09.25,160,15.5579,160,87,87,04.09.25 18:49
RU000A108P61 ,РСетиМР1P6 ,"15,74",92,12175002,RUB,1000,SUR,"99,6","99,5","100,1","99,93","20,98",,- ,- ,30.05.27,,- ,"99,85","14,17",- ,- ,- ,04.09.25,534,21.2522,534,748,749,04.09.25 18:49
RU000A10CH11 ,ПолиплП2Б9 ,"0,92",280,12142671,USD,100,SUR,"101,6858","101,3015","101,7435","101,7435","10,89",,- ,- ,07.02.28,,- ,"101,7332","34,765",- ,- ,- ,04.09.25,776,01.10.46,776,-258,-255,04.09.25 18:49
RU000A109SP5 ,ЭталонФин2 ,"17,26",472,11980822,RUB,1000,SUR,"93,88","93,65","94,18","93,86","27,85",,- ,- ,30.09.27,,- ,"93,98","13,81",- ,- ,- ,04.09.25,755,01.03.16,755,,-1027,04.09.25 18:49
RU000A10CC24 ,РусГид2Р07 ,"11,38",144,11919895,RUB,1000,SUR,"100,4","100,04","101,48","100,49","14,53",,- ,- ,26.07.28,,- ,"100,5","9,11",- ,- ,- ,04.09.25,867,14.5687,867,104,108,04.09.25 18:49
RU000A10A8H1 ,РусГид2Р04 ,"18,9",118,11914971,RUB,1000,SUR,107,"106,73","107,06",107,"14,73",,- ,- ,28.06.26,,- ,107,"1,89",- ,- ,- ,04.09.25,273,14.7311,273,79,76,04.09.25 18:49
RU000A10AS02 ,ТГК-14 1Р5 ,"20,34",476,11865414,RUB,1000,SUR,"116,44","115,06","117,48","116,85","19,57",,- ,- ,09.01.29,,- ,"116,54","4,75",- ,- ,- ,04.09.25,870,19.7494,869,605,613,04.09.25 18:49
SU26236RMFS8 ,ОФЗ 26236 ,"28,42",1010,11858823,RUB,1000,SUR,"84,009","83,773","84,63","83,974","13,33",,- ,- ,17.05.28,,- ,"83,794","16,55",- ,- ,- ,04.09.25,903,13.3093,903,-14,-12,04.09.25 18:49
RU000A108Y11 ,ДФФ ЗО28 ,"26,75",48,11782240,USD,1000,SUR,"79,2021","78,6336","79,4501","79,45","16,5",,- ,- ,08.02.28,,- ,"79,4498","312,0764",- ,- ,- ,04.09.25,832,16.655,832,304,306,04.09.25 18:49
RU000A10AS85 ,Сбер SbD4R ,- ,399,11771777,RUB,1000,SUR,"56,71","56,5","56,83","56,79","17,14",,- ,- ,11.02.30,,- ,"56,81",- ,- ,- ,- ,04.09.25,1620,17.1991,1620,,359,04.09.25 18:49
RU000A1008Y3 ,ПочтаРБ1P7 ,"114,68",27,11711680,RUB,1000,SUR,"103,84","103,7",104,104,"15,98",03.04.26,"15,6435",- ,27.03.29,03.04.26,03.04.26,"103,96","98,3",- ,- ,- ,04.09.25,191,15.9541,191,134,125,04.09.25 18:49
RU000A10CM89 ,КИФА БО-01 ,"1,19",270,11620515,CNY,100,SUR,"101,6642","101,05","101,9797","101,9772","14,17",,- ,- ,23.08.27,,- ,"101,9772","0,9038",- ,- ,- ,04.09.25,628,14.3779,628,70,72,04.09.25 18:49
RU000A10ASW4 ,КАМАЗ БП14 ,- ,353,11577790,RUB,1000,SUR,"102,42","102,22","102,9","102,48","21,18",,- ,- ,25.01.27,,- ,"102,51","1,17",- ,- ,- ,04.09.25,507,-1.701,507,,-1525,04.09.25 18:49
RU000A106K43 ,РЖД 1Р-26R ,"16,42",489,11546918,RUB,1000,SUR,"100,15","99,93","100,37","100,16","21,05",,- ,- ,19.07.28,,- ,"100,06","2,65",- ,- ,- ,04.09.25,810,21.0555,810,755,761,04.09.25 18:49
RU000A10B784 ,РУСАЛ 1Р12 ,"8,96",51,11486527,CNY,1000,SUR,"103,216","102,77","103,3004",103,"5,44",,- ,- ,23.03.26,,- ,"103,04","33,7813",- ,- ,- ,04.09.25,193,30.04.39,193,-892,-894,04.09.25 18:49
RU000A10CL07 ,Магнит4P09 ,"10,93",53,11479726,RUB,1000,SUR,"99,6","99,18","99,74","99,6","14,4",,- ,- ,17.08.27,,- ,"99,6","2,92",- ,- ,- ,04.09.25,627,14.4049,627,93,96,04.09.25 18:49
RU000A1068R1 ,РСХБ2Р2 ,"16,48",461,11464738,RUB,1000,SUR,"100,36","100,24","100,61","100,51","20,25",,- ,- ,08.05.26,,- ,"100,27","1,06",- ,- ,- ,04.09.25,231,20.537,231,613,609,04.09.25 18:49
RU000A108777 ,БалтЛизП10 ,- ,353,11429475,RUB,1000,SUR,"96,39","96,27","96,44","96,39","26,51",,- ,- ,08.04.27,,- ,"96,39","10,57",- ,- ,- ,04.09.25,580,01.02.69,580,,-1111,04.09.25 18:49
RU000A10CM71 ,Айдеко 01 ,"67,32",510,11228696,RUB,1000,SUR,"100,34","100,18","100,47","100,41","29,54",,- ,- ,29.08.28,,- ,"100,41","1,48",- ,- ,- ,04.09.25,601,29.5913,601,1601,1608,04.09.25 18:49
RU000A105Q63 ,УралСт1Р01 ,"53,85",88,11130394,RUB,1000,SUR,"97,38","97,23","97,4","97,4","19,45",,- ,"19,4453",25.12.25,,- ,"97,38","20,71",- ,- ,- ,04.09.25,111,20.8744,110,574,574,04.09.25 18:49
BYM000001925 ,РесБел 335 ,"32,15",22,11114082,USD,1000,SUR,"95,4635","94,5125",96,96,"7,41",,- ,- ,24.02.31,,- ,"95,9995","155,4025",- ,- ,- ,04.09.25,1707,01.07.37,1706,-618,-616,04.09.25 18:49
RU000A1032P1 ,ВТБРКС01 ,"2,38",337,11016513,RUB,"362,02",SUR,"94,94","94,66","95,3","94,81","18,97",,- ,- ,01.12.30,,- ,"94,79","0,24",- ,- ,- ,04.09.25,204,18.6787,205,487,466,04.09.25 18:49
RU000A109K40 ,ФосАгро П2 ,- ,279,10993605,RUB,1000,SUR,"100,16","100,1","100,35","100,29","20,48",,- ,- ,08.09.26,,- ,"100,12","10,99",- ,- ,- ,04.09.25,368,-0.1584,368,,-1398,04.09.25 18:49
RU000A1061K1 ,ЕвроТранс3 ,"11,18",653,10957746,RUB,1000,SUR,"92,66","92,3",93,"92,95","22,63",,- ,- ,14.03.27,,- ,"92,8","5,22",- ,- ,- ,04.09.25,384,22.9914,384,897,897,04.09.25 18:49
RU000A108P79 ,ПолюсЗО28Д ,"16,25",45,10937544,USD,1000,SUR,"92,6602","92,5839","93,0552","92,64","5,87",,- ,- ,14.10.28,,- ,"92,6353","1021,9288",- ,- ,- ,04.09.25,1072,01.05.62,1072,-761,-760,04.09.25 18:49
RU000A100PB0 ,ЖКХРСЯ БО1 ,"57,34",421,10866212,RUB,1000,SUR,100,"99,96","100,33",100,25,,- ,- ,28.07.26,,- ,100,"23,32",- ,- ,- ,04.09.25,297,25.0028,297,1115,1112,04.09.25 18:49
RU000A10BB75 ,ЕвроТранс7 ,"20,14",428,10826532,RUB,1000,SUR,"110,44","109,69","111,92","110,49","18,21",,- ,- ,31.03.27,,- ,"110,53","18,12",- ,- ,- ,04.09.25,477,18.2465,477,467,467,04.09.25 18:49
RU000A10BWL7 ,МОНОП 1P05 ,"20,96",1315,10661182,RUB,1000,SUR,"92,24",87,"94,91","94,87","34,93",,- ,- ,22.12.26,,- ,"94,06","4,19",- ,- ,- ,04.09.25,403,38.3959,402,2132,2130,04.09.25 18:49
RU000A10C741 ,Кокс01Р4 ,"17,26",691,10555222,RUB,1000,SUR,"100,02","99,9","100,09","100,03","23,12",25.01.27,"22,897",- ,13.07.28,25.01.27,25.01.27,"100,08","4,03",- ,- ,- ,04.09.25,442,22.9071,442,933,932,04.09.25 18:49
RU000A1089J4 ,iСелкт1Р4R ,"12,33",708,10369085,RUB,1000,SUR,"99,45","99,3","99,63","99,49","17,16",,- ,- ,02.04.26,,- ,"99,48",- ,- ,- ,- ,04.09.25,201,17.2435,201,285,283,04.09.25 18:49
SU29023RMFS7 ,ОФЗ 29023 ,- ,360,10290208,RUB,1000,SUR,"96,549","96,403","96,75","96,415",- ,,- ,- ,23.08.34,,- ,"96,577","0,49",- ,- ,- ,04.09.25,1593,21.5487,1594,797,804,04.09.25 18:49
RU000A106ZL5 ,РЖД 1Р-28R ,"16,86",484,10224094,RUB,1000,SUR,"100,16","100,05","100,24","100,16","21,7",,- ,- ,20.09.30,,- ,"100,16","9,79",- ,- ,- ,04.09.25,1165,21.6957,1165,813,821,04.09.25 18:49
RU000A104Z48 ,sВЭБ2P-33 ,"50,86",155,10193885,RUB,1000,SUR,"93,04","92,91","93,35","93,34","14,91",,- ,- ,15.07.27,,- ,"93,25","13,69",- ,- ,- ,04.09.25,624,15.1227,624,144,146,04.09.25 18:49
RU000A10ATW2 ,БалтЛизП15 ,"19,48",354,10131957,RUB,1000,SUR,"109,77","109,45","109,9","109,7","17,88",,- ,- ,13.02.28,14.02.28,- ,"109,87","5,19",- ,- ,- ,04.09.25,484,17.8277,484,431,436,04.09.25 18:49
RU000A10BQR6 ,СБСекьюр2А ,"15,81",155,10084936,RUB,"916,78",SUR,"103,13","103,01","104,43","103,03","17,07",,- ,- ,26.05.34,,- ,"103,58","4,59",- ,- ,- ,04.09.25,250,16.9084,250,316,300,04.09.25 18:49
RU000A10A3Z4 ,ГТЛК 2P-04 ,"20,55",331,10034185,RUB,1000,SUR,"117,8","117,31","117,86","117,77","16,49",10.11.27,"16,3532",- ,25.10.29,10.11.27,10.11.27,"117,78","12,33",- ,- ,- ,04.09.25,630,16.3362,630,286,290,04.09.25 18:49
RU000A109L49 ,АЛРОСА1Р1 ,- ,231,10012648,RUB,1000,SUR,"99,8","99,7","99,95","99,85","21,06",,- ,- ,02.09.28,,- ,"99,87","8,42",- ,- ,- ,04.09.25,1093,0.0669,1093,,-1343,04.09.25 18:49
RU000A108RQ7 ,SELGOLD003 ,"127,46",157,9947102,RUB,8801,SUR,"91,35","88,11","93,2","93,17","7,84",,- ,- ,14.09.29,,- ,"92,27","100,79",- ,- ,- ,04.09.25,1301,01.08.11,1299,-564,-562,04.09.25 18:49
RU000A10A182 ,СберИОС660 ,"0,01",2,9935200,RUB,1000,SUR,"112,9","112,9","112,9","112,9",- ,,- ,- ,11.12.29,,- ,"112,9",- ,- ,- ,- ,04.09.25,1557,-2.7913,1557,-1633,-1633,04.09.25 18:49
RU000A102QP4 ,РЖД 1Р-21R ,"34,16",127,9794026,RUB,1000,SUR,"87,85","87,75","88,48","88,42","15,03",,- ,- ,11.06.27,,- ,"88,35","15,58",- ,- ,- ,04.09.25,605,15.4723,605,156,158,04.09.25 18:49
RU000A109HX2 ,iВУШ 1P3 ,"16,85",202,9700085,RUB,1000,SUR,"93,82","93,6","94,84","93,97","27,29",,- ,- ,28.08.27,,- ,"93,66","15,16",- ,- ,- ,04.09.25,722,01.03.33,722,,-1019,04.09.25 18:49
RU000A10B461 ,NSKATD-03 ,"21,37",622,9678793,RUB,1000,SUR,106,"105,7","106,5","106,48","25,07",,- ,- ,04.03.28,,- ,"106,11","12,82",- ,- ,- ,04.09.25,679,25.3718,678,1157,1163,04.09.25 18:49
RU000A10C758 ,РКС2Р6 ,"20,55",680,9605383,RUB,1000,SUR,"99,89","99,71",100,"99,9","28,14",,- ,- ,13.07.28,,- ,"99,9","4,79",- ,- ,- ,04.09.25,750,28.1464,750,1463,1470,04.09.25 18:49
RU000A100N12 ,Систем1P11 ,"54,35",66,9571314,RUB,1000,SUR,"90,21","90,05","90,4","90,21","17,94",22.07.27,"17,8887",- ,16.07.29,22.07.27,22.07.27,"90,39","13,44",- ,- ,- ,04.09.25,626,17.8887,626,442,444,04.09.25 18:49
RU000A10B024 ,Систем2P01 ,"20,38",485,9542852,RUB,1000,SUR,"104,59","104,28","104,88","104,84","16,72",14.04.26,"16,3743",- ,24.03.28,14.04.26,14.04.26,"104,36","19,07",- ,- ,- ,04.09.25,204,16.8623,204,212,207,04.09.25 18:49
RU000A106HB4 ,iВУШ 1P2 ,"29,42",589,9425363,RUB,1000,SUR,"93,27","92,84","93,53","93,28","22,58",,- ,- ,02.07.26,,- ,"93,4","20,37",- ,- ,- ,04.09.25,283,22.5998,283,868,865,04.09.25 18:49
RU000A10B4J5 ,ПолиплП2Б3 ,"1,13",293,9297259,USD,100,SUR,"105,1148","104,4307","105,4984","105,1964","10,5",,- ,- ,11.03.27,,- ,"105,3142","51,7432",- ,- ,- ,04.09.25,499,01.10.57,499,-301,-301,04.09.25 18:49
RU000A104W33 ,ПочтаР2P03 ,"50,61",63,9253458,RUB,1000,SUR,"88,69","88,31","88,97","88,83","15,78",16.06.28,"15,754",- ,08.06.32,16.06.28,16.06.28,"88,5","21,97",- ,- ,- ,04.09.25,881,15.8278,881,227,231,04.09.25 18:49
RU000A10BWC6 ,iПозитивР3 ,"14,79",287,9248427,RUB,1000,SUR,"106,91","106,06","107,3","106,91","15,82",,- ,- ,12.04.28,,- ,"106,86","4,44",- ,- ,- ,04.09.25,769,15.8243,769,234,239,04.09.25 18:49
RU000A10BBE6 ,Новотр 1Р6 ,"15,41",74,9219730,RUB,1000,SUR,"109,54","109,2","109,7","109,33","15,59",,- ,- ,22.09.28,,- ,"109,33","13,36",- ,- ,- ,04.09.25,785,15.4859,786,210,215,04.09.25 18:49
RU000A108PZ2 ,Газпн3P12R ,"19,32",41,9175543,CNY,1000,SUR,"103,8539","103,3236","104,3","103,7864","4,75",,- ,- ,14.12.26,,- ,"103,8989","191,9547",- ,- ,- ,04.09.25,440,01.04.64,440,-881,-882,04.09.25 18:49
RU000A108PR9 ,НЛМКЗО26-Е ,"14,5",7,9118911,EUR,1000,SUR,"96,7484","96,4884",97,97,"5,65",,- ,- ,02.06.26,,- ,97,"351,567",- ,- ,- ,04.09.25,270,01.06.66,269,-829,-829,04.09.25 18:49
RU000A101CQ4 ,СУЭК-Ф1P5R ,"124,66",309,9085123,RUB,1000,SUR,"101,19","101,03","101,34","101,32","22,15",26.01.26,"21,2054",- ,16.01.30,26.01.26,26.01.26,"101,32","29,45",- ,- ,- ,04.09.25,142,21.5933,142,645,645,04.09.25 18:49
RU000A10A141 ,ЕвроТранс5 ,"20,55",398,8926240,RUB,1000,SUR,"122,31","121,77","123,5","122,34","18,82",,- ,- ,16.10.29,,- ,"122,89","18,49",- ,- ,- ,04.09.25,993,18.8311,993,528,536,04.09.25 18:49
RU000A109JZ3 ,РУСАЛ 1Р10 ,- ,72,8908820,RUB,1000,SUR,"99,99","99,9","100,16","99,9","22,33",,- ,- ,06.03.27,,- ,"99,99","12,21",- ,- ,- ,04.09.25,547,0.0067,547,,-1341,04.09.25 18:49
RU000A108LU2 ,ИКС5Фин3P5 ,"50,88",205,8904396,RUB,1000,SUR,"100,05","99,9",103,"100,44","21,68",09.06.27,"-0,2491",- ,26.05.34,09.06.27,09.06.27,"99,97","50,36",- ,- ,- ,04.09.25,642,-0.0284,642,,-1370,04.09.25 18:49
RU000A108KU4 ,А101 1P01 ,"13,97",85,8517644,RUB,1000,SUR,"102,52","101,94","104,29","104,29","15,09",,- ,- ,16.05.27,,- ,"103,8","5,12",- ,- ,- ,04.09.25,540,16.4175,539,159,160,04.09.25 18:49
RU000A105V90 ,ЕАБР3P-006 ,"51,61",27,8510184,RUB,1000,SUR,"97,72","97,14","97,74","97,39","16,6",,- ,"16,6031",13.02.26,,- ,"97,72","5,67",- ,- ,- ,04.09.25,161,16.4871,161,277,277,04.09.25 18:49
RU000A100GW5 ,АЛЬФА-БС01 ,"373972,6",1,8500000,RUB,10000000,SUR,85,85,85,85,"16,59",,- ,- ,,,- ,85,"316438,36",- ,- ,- ,04.09.25,- ,,,,,04.09.25 18:49
RU000A109E71 ,ТрансКо2P1 ,- ,300,8437260,RUB,1000,SUR,"99,66","99,55","99,8","99,7","21,89",,- ,- ,20.08.27,,- ,"99,69","2,71",- ,- ,- ,04.09.25,714,0.1744,714,,-1328,04.09.25 18:49
RU000A106938 ,НОВАТЭК1Р1 ,"22,69",549,8428129,RUB,1000,SUR,"95,99","95,82","96,25",96,"16,1",,- ,- ,19.05.26,,- ,96,"3,99",- ,- ,- ,04.09.25,249,16.1194,249,204,203,04.09.25 18:49
RU000A109NC4 ,РКСЭталон4 ,"10,64",342,8301625,RUB,"601,95",SUR,"104,86","104,47","105,14","104,91","16,14",,- ,- ,01.12.32,,- ,"104,76","1,06",- ,- ,- ,04.09.25,278,16.2114,278,231,219,04.09.25 18:49
RU000A1077V4 ,РСЭКСМБ2Р4 ,"49,86",72,8278197,RUB,1000,SUR,"99,98","99,9","100,16","100,01","21,52",17.11.26,"21,2809",- ,03.11.33,17.11.26,17.11.26,"100,15","11,51",- ,- ,- ,04.09.25,395,21.3141,395,765,764,04.09.25 18:49
RU000A10AHJ4 ,iПозитивР2 ,- ,282,8252707,RUB,1000,SUR,"104,19","103,8","104,5","104,1","20,01",,- ,- ,17.12.26,,- ,"104,01","6,63",- ,- ,- ,04.09.25,468,-3.1364,468,,-1661,04.09.25 18:49
RU000A10C8S6 ,Сбер SbD8R ,- ,289,8199644,RUB,1000,SUR,"54,88","54,21","54,73","54,38","17,04",,- ,- ,07.08.30,,- ,"54,37",- ,- ,- ,- ,04.09.25,1797,16.6994,1797,,347,04.09.25 18:49
RU000A10BFX7 ,СамолетP16 ,"20,96",454,8116579,RUB,1000,SUR,"116,95","116,04","117,4","117,31","18,58",,- ,- ,06.04.28,,- ,"117,29","10,48",- ,- ,- ,04.09.25,715,18.7683,714,509,515,04.09.25 18:49
RU000A108L81 ,Полюс Б1P4 ,"0,51",249,8091225,USD,100,SUR,"102,1209",101,"102,662","102,3","5,65",,- ,- ,09.05.29,,- ,"102,2","9,7019",- ,- ,- ,04.09.25,1203,01.05.89,1203,-786,-784,04.09.25 18:49
RU000A105PP9 ,ЕвроТранс1 ,"11,1",279,8080895,RUB,1000,SUR,"98,62","98,41","98,85","98,77","19,89",,- ,- ,11.12.25,,- ,"98,66","8,14",- ,- ,- ,04.09.25,95,20.585,95,467,465,04.09.25 18:49
RU000A1099A2 ,НоваБевБП7 ,"15,95",323,7993875,RUB,1000,SUR,"99,57","98,5","100,07","99,94","21,27",,- ,- ,05.08.27,,- ,100,"10,63",- ,- ,- ,04.09.25,582,21.5534,582,779,781,04.09.25 18:49
RU000A106P06 ,ВСК 1P-04R ,"59,84",115,7981246,RUB,1000,SUR,"93,08",93,"93,85","93,5","15,38",,- ,- ,28.07.28,,- ,"93,5","11,18",- ,- ,- ,04.09.25,908,15.5857,907,189,193,04.09.25 18:49
RU000A1064Y6 ,СУЭК-Ф1P7R ,"16,88",19,7933353,USD,1000,SUR,"95,2678","94,9999","96,35","95,4877","8,2",,- ,- ,15.09.26,,- ,"95,4877","1283,0705",- ,- ,- ,04.09.25,365,01.08.44,365,-549,-550,04.09.25 18:49
RU000A10B7J8 ,ФосАгро2П3 ,"6,16",28,7932964,USD,1000,SUR,"104,384","103,4508","104,4999","104,4998","5,29",,- ,- ,18.09.27,,- ,"104,4249","99,444",- ,- ,- ,04.09.25,691,01.05.66,691,-817,-815,04.09.25 18:49
RU000A107HR8 ,АФБАНК1Р11 ,"56,1",143,7800764,RUB,1000,SUR,"100,06","99,99","100,18","100,12","24,32",,- ,- ,24.12.26,,- ,"100,11","43,15",- ,- ,- ,04.09.25,407,24.3824,407,1072,1070,04.09.25 18:49
RU000A105TS5 ,ЕвроТранс2 ,"11,01",463,7761606,RUB,1000,SUR,"97,72","97,32",98,"97,66","21,62",,- ,- ,24.01.26,,- ,"97,7","2,94",- ,- ,- ,04.09.25,137,21.4229,137,684,682,04.09.25 18:49
RU000A10ANH6 ,ЕврХол3P02 ,"18,33",56,7715162,RUB,1000,SUR,"102,6","102,5","102,87","102,63","16,19",21.01.26,"15,4753",- ,16.07.26,21.01.26,21.01.26,"102,54","9,16",- ,- ,- ,04.09.25,132,15.5675,132,66,63,04.09.25 18:49
RU000A10AA02 ,МОНОП 1P02 ,"23,01",846,7625884,RUB,1000,SUR,"99,79","97,29","101,85","100,22","30,69",,- ,- ,04.12.25,,- ,"100,19","22,25",- ,- ,- ,04.09.25,87,33.0431,87,1539,1536,04.09.25 18:49
RU000A10ATR2 ,ГЛОРАКС1Р3 ,"23,01",485,7616235,RUB,1000,SUR,"113,13","112,31","113,61","113,13","18,78",,- ,- ,27.01.27,,- ,"113,29",- ,- ,- ,- ,04.09.25,432,18.7763,432,520,519,04.09.25 18:49
RU000A106672 ,ГазпромКP5 ,"24,43",69,7524162,RUB,1000,SUR,"93,7","93,62","93,91","93,78","14,87",27.04.27,"14,7829",- ,20.04.28,27.04.27,27.04.27,"93,76","11,28",- ,- ,- ,04.09.25,552,14.8468,552,130,130,04.09.25 18:49
RU000A10BWP8 ,СберИОС734 ,"0,1",11,7451751,RUB,1000,SUR,"102,51","102,5","105,1","102,5",- ,,- ,- ,28.08.28,,- ,"102,5",- ,- ,- ,- ,04.09.25,1087,-0.818,1087,-1429,-1429,04.09.25 18:49
RU000A10B9Q9 ,ГЛОРАКС1Р4 ,"20,96",277,7404971,RUB,1000,SUR,"114,33","113,68","114,88","114,71","19,85",,- ,- ,24.03.28,,- ,"114,61","19,56",- ,- ,- ,04.09.25,699,20.0583,699,636,642,04.09.25 18:49
RU000A108JQ4 ,АЛЬФАЗО350 ,"27,5",15,7362213,USD,1000,SUR,"91,0221","90,6005","92,549","92,549","7,12",,- ,- ,26.10.31,,- ,"90,9995","1581,4025",- ,- ,- ,04.09.25,1878,01.07.44,1874,-647,-644,04.09.25 18:49
RU000A0JWK74 ,ОДК 01 ,"53,6",149,7339909,RUB,1000,SUR,"95,25","95,11","95,25","95,25","18,36",,- ,- ,10.06.26,,- ,"95,18","28,57",- ,- ,- ,04.09.25,267,18.3555,267,438,436,04.09.25 18:49
RU000A109X29 ,РостелP12R ,- ,94,7320980,RUB,1000,SUR,"100,15","100,1","100,6","100,6","19,9",,- ,- ,21.04.26,,- ,"100,21","5,82",- ,- ,- ,04.09.25,228,-0.2398,228,,-1513,04.09.25 18:49
RU000A10B2F7 ,Роделен2P3 ,"20,96",280,7295383,RUB,1000,SUR,"108,32","107,96","108,69","108,44","23,87",,- ,- ,15.02.30,,- ,"108,36","17,47",- ,- ,- ,04.09.25,768,23.9327,768,1035,1043,04.09.25 18:49
RU000A100HY9 ,РЖД 1Р-16R ,"39,39",105,7290153,RUB,1000,SUR,"94,8","94,48",95,"94,56","15,9",,- ,- ,25.06.26,,- ,"94,78","15,15",- ,- ,- ,04.09.25,285,15.528,285,198,197,04.09.25 18:49
RU000A10BPZ1 ,Систем2P02 ,"18,7",316,7279301,RUB,1000,SUR,"109,88","109,25","110,34","109,86","17,34",,- ,- ,20.05.27,,- ,110,"4,36",- ,- ,- ,04.09.25,524,17.3252,524,383,385,04.09.25 18:49
RU000A10CLZ8 ,Л-Старт 01 ,"74,79",296,7184302,RUB,1000,SUR,"100,03",100,"100,04","100,04","33,51",,- ,- ,24.08.29,,- ,"100,04","4,93",- ,- ,- ,04.09.25,839,33.5206,839,1998,2007,04.09.25 18:49
RU000A10B495 ,РЖД 1Р-41R ,"42,76",164,7183195,RUB,1000,SUR,"109,52","108,83","109,7","109,35","14,5",20.03.29,"14,4401",- ,01.03.40,20.03.29,20.03.29,"109,64","36,18",- ,- ,- ,04.09.25,976,14.3759,977,92,98,04.09.25 18:49
RU000A107456 ,МТС-Банк03 ,- ,98,7145530,RUB,1000,SUR,"99,26","99,11","99,42","99,25","22,83",,- ,- ,21.10.26,,- ,"99,25","24,01",- ,- ,- ,04.09.25,364,25.7022,364,1204,1201,04.09.25 18:49
RU000A1062J1 ,РКСЭталон2 ,"3,38",116,7136252,RUB,"373,92",SUR,"96,3","96,05","96,64","96,54","18,19",,- ,- ,03.04.31,,- ,"96,59","0,11",- ,- ,- ,04.09.25,221,18.6707,221,416,397,04.09.25 18:49
RU000A1059R0 ,ЛУКОЙЛ 31 ,18,35,7084535,USD,1000,SUR,"89,4153","88,1208","89,841","89,8337","5,65",,- ,- ,26.10.31,,- ,"89,841","1034,8646",- ,- ,- ,04.09.25,1988,01.05.33,1988,-795,-794,04.09.25 18:49
RU000A103QH9 ,ЭталФинП03 ,"12,71",326,7081657,RUB,560,SUR,"94,18","93,75","94,47","94,42","22,21",,- ,- ,15.09.26,,- ,"94,2","11,03",- ,- ,- ,04.09.25,183,22.824,182,811,777,04.09.25 18:49
RU000A0JXE06 ,ГТЛК 1P-03 ,"55,35",81,6983235,RUB,1000,SUR,"99,1","98,86","99,6","99,43","24,54",03.08.27,"24,3825",- ,22.01.32,03.08.27,03.08.27,"99,3","21,29",- ,- ,- ,04.09.25,574,24.6399,574,1089,1092,04.09.25 18:49
RU000A10BTJ7 ,Ульоб34010 ,"60,82",164,6941057,RUB,1000,SUR,"104,1",104,"104,56",104,"16,86",,- ,- ,14.07.28,,- ,"104,21","39,03",- ,- ,- ,04.09.25,561,16.7909,561,331,339,04.09.25 18:49
RU000A102H91 ,Автодор3Р1 ,"28,95",150,6921187,RUB,860,SUR,"97,11","96,5","97,28","97,14","17,96",,- ,"17,9636",09.12.25,,- ,"97,15","13,68",- ,- ,- ,04.09.25,94,19.3309,95,396,395,04.09.25 18:49
RU000A10B0B0 ,ЛСР БО1Р10 ,"19,73",390,6877705,RUB,1000,SUR,"106,66","106,26","106,99","106,75","17,88",01.09.26,"17,5329",- ,07.02.30,01.09.26,01.09.26,"106,68","1,97",- ,- ,- ,04.09.25,325,17.6438,325,376,373,04.09.25 18:49
RU000A107738 ,TCS perp1 ,"27,88",40,6756512,USD,1000,SUR,"101,9143","101,4239","103,0292","101,5","7,59",,- ,- ,,,- ,"101,5011","1978,3701",- ,- ,- ,04.09.25,- ,,,,,04.09.25 18:49
RU000A1032K2 ,СберИОС438 ,"0,5",1,6750000,RUB,1000,SUR,135,135,135,135,- ,,- ,- ,03.06.26,,- ,135,- ,- ,- ,- ,04.09.25,271,-33.204,271,-4718,-4718,04.09.25 18:49
RU000A109098 ,iПозитивР1 ,"16,19",229,6746552,RUB,1000,SUR,"99,87","99,71","99,95","99,8","21,73",,- ,- ,04.07.27,,- ,"99,8","11,87",- ,- ,- ,04.09.25,667,0.0712,667,,-1333,04.09.25 18:49
RU000A107HG1 ,Газпнф3P8R ,- ,156,6604117,RUB,1000,SUR,"100,35","100,29","100,49","100,46","20,62",,- ,- ,12.12.26,,- ,"100,36","8,46",- ,- ,- ,04.09.25,408,21.8874,408,816,815,04.09.25 18:49
RU000A10B8X7 ,ДАРСДев1Р3 ,"21,37",218,6549559,RUB,1000,SUR,"105,88","105,34",106,106,"21,61",,- ,- ,30.09.26,,- ,"105,85","20,66",- ,- ,- ,04.09.25,346,21.76,346,790,787,04.09.25 18:49
RU000A10AV98 ,МТС 1P-28 ,"17,88",325,6548560,RUB,1000,SUR,"104,81","104,75","104,98","104,88","16,13",15.06.26,"15,6416",- ,30.01.28,15.06.26,15.06.26,"104,83","13,11",- ,- ,- ,04.09.25,260,15.7486,260,166,162,04.09.25 18:49
RU000A1069J6 ,ВТБ С1-519 ,"0,2",160,6540844,RUB,1000,SUR,"99,06","98,01","99,7","99,27","53,67",,- ,"53,6711",10.09.25,,- ,"99,27","0,2",- ,- ,- ,04.09.25,4,99.2334,5,5408,5407,04.09.25 18:49
RU000A1049Y7 ,РЕСОЛизБ06 ,- ,68,6499444,RUB,1000,SUR,"100,08",100,"100,49","100,49","18,32",,- ,- ,11.12.25,,- ,"100,45","48,72",- ,- ,- ,04.09.25,97,-0.3008,97,,-1705,04.09.25 18:49
RU000A107E81 ,БинФарм1P3 ,- ,305,6459233,RUB,1000,SUR,"99,63","99,35","99,9","99,48","23,59",,- ,- ,14.12.26,,- ,"99,5","46,69",- ,- ,- ,04.09.25,465,0.2915,465,,-1314,04.09.25 18:49
RU000A10AYQ4 ,СберИОС685 ,"0,1",7,6419567,RUB,1000,SUR,"108,02",108,"108,2",108,- ,,- ,- ,24.04.28,,- ,108,- ,- ,- ,- ,04.09.25,961,-2.8736,961,-1632,-1632,04.09.25 18:49
RU000A105FS4 ,iСелкт1Р2R ,"57,34",117,6377882,RUB,1000,SUR,"98,59","98,5","98,6","98,59","18,77",,- ,"18,7663",11.11.25,,- ,"98,6","35,92",- ,- ,- ,04.09.25,67,20.262,67,467,467,04.09.25 18:49
RU000A10B8D9 ,ВЭБ2Р-50 ,- ,86,6364194,RUB,1000,SUR,"101,16","100,92","101,5","101,35","21,68",,- ,- ,06.04.27,,- ,"101,15","33,62",- ,- ,- ,04.09.25,578,-0.7241,578,,-1431,04.09.25 18:49
RU000A10C6Q4 ,СберИОС749 ,"0,1",27,6348361,RUB,1000,SUR,"94,37",94,"95,91","94,01",- ,,- ,- ,18.09.28,,- ,"94,02",- ,- ,- ,- ,04.09.25,1108,01.01.61,1108,-1141,-1141,04.09.25 18:49
RU000A10ASS2 ,РостелP14R ,"17,79",144,6299465,RUB,1000,SUR,"104,82","104,7","105,15","104,79","15,7",,- ,- ,29.05.26,,- ,"104,79","1,78",- ,- ,- ,04.09.25,248,15.654,248,166,162,04.09.25 18:49
SU29019RMFS5 ,ОФЗ 29019 ,- ,132,6298714,RUB,1000,SUR,"98,233","98,2","98,575","98,389",- ,,- ,- ,18.07.29,,- ,"98,39","21,41",- ,- ,- ,04.09.25,982,22.8397,982,923,931,04.09.25 18:49
RU000A103943 ,Аэрофл БО1 ,"20,82",199,6286908,RUB,1000,SUR,"95,03","94,62","95,09","95,07","16,21",,- ,- ,11.06.26,,- ,"95,05","19,22",- ,- ,- ,04.09.25,267,16.2706,267,224,221,04.09.25 18:49
RU000A106XD7 ,SELGOLD002 ,"127,46",82,6282788,RUB,8801,SUR,"92,38","91,52","93,44","93,24","7,68",,- ,- ,03.01.30,,- ,"93,02","74,27",- ,- ,- ,04.09.25,1392,01.07.29,1391,-581,-579,04.09.25 18:49
RU000A10BP46 ,Страна 03 ,"21,78",320,6251374,RUB,1000,SUR,"107,38","106,73","108,2","107,33","25,37",,- ,- ,11.05.28,,- ,"107,6","7,26",- ,- ,- ,04.09.25,716,25.3361,716,1186,1193,04.09.25 18:49
RU000A10A7A8 ,ВЗВТ-01 ,"74,79",403,6181191,RUB,1000,SUR,"103,54","100,12","105,6","104,55","29,61",,- ,- ,30.11.27,,- ,"103,08","1,64",- ,- ,- ,04.09.25,544,30.4587,543,1609,1613,04.09.25 18:49
SU29026RMFS0 ,ОФЗ 29026 ,"49,5",369,6179558,RUB,1000,SUR,"98,073","97,781","98,111","98,1",- ,,- ,- ,04.09.38,,- ,"98,095",- ,- ,- ,- ,04.09.25,1754,21.8024,1754,817,823,04.09.25 18:49
SU29025RMFS2 ,ОФЗ 29025 ,- ,350,6095025,RUB,1000,SUR,"95,354","95,32","95,376","95,369",- ,,- ,- ,12.08.37,,- ,"95,368","3,89",- ,- ,- ,04.09.25,1708,22.0699,1707,844,851,04.09.25 18:49
RU000A10BQ60 ,РОЛЬФ 1Р08 ,"20,96",404,6070737,RUB,1000,SUR,"109,19","108,79","109,85","109,09","21,02",,- ,- ,23.05.27,,- ,"109,07","2,79",- ,- ,- ,04.09.25,516,20.9411,516,750,752,04.09.25 18:49
RU000A109TJ6 ,ПСБ 3P-09 ,"16,56",196,6065964,RUB,1000,SUR,"100,25","100,09","100,47","100,19","21,2",,- ,- ,15.10.27,,- ,"100,2","5,88",- ,- ,- ,04.09.25,634,21.7502,634,831,834,04.09.25 18:49
RU000A10B1Q6 ,Джи-гр 2P6 ,"20,34",139,6061073,RUB,1000,SUR,"112,33","111,07","112,77","112,73","16,2",,- ,- ,28.02.27,,- ,"112,65","18,99",- ,- ,- ,04.09.25,456,16.5259,455,265,265,04.09.25 18:49
SU29027RMFS8 ,ОФЗ 29027 ,- ,323,6025151,RUB,1000,SUR,"97,102","96,901","97,49","97,2",- ,,- ,- ,11.09.36,,- ,"97,192","45,29",- ,- ,- ,04.09.25,1483,24.655,1482,1100,1109,04.09.25 18:49
RU000A105X64 ,СэтлГрБ2P2 ,"30,42",483,6022425,RUB,1000,SUR,"97,32","96,8","98,08","97,42","18,97",,- ,- ,05.03.26,,- ,"97,43",- ,- ,- ,- ,04.09.25,178,19.2185,178,450,449,04.09.25 18:49
RU000A10AZY5 ,АПРИ 2Р9 ,"26,3",538,5991482,RUB,1000,SUR,"103,55","103,38","103,74","103,53","27,8",16.03.26,"24,5293",- ,06.02.30,16.03.26,16.03.26,"103,51","3,51",- ,- ,- ,04.09.25,14,24.4803,14,,809,04.09.25 18:49
RU000A107WL0 ,ИКС5Фин3P4 ,"55,1",102,5958716,RUB,1000,SUR,"100,89","100,77","100,99","100,98","22,72",11.09.26,"22,5254",- ,28.02.34,11.09.26,11.09.26,"100,87","52,07",- ,- ,- ,04.09.25,325,22.6419,325,878,873,04.09.25 18:49
RU000A108LP2 ,ФосА1П1USD ,"1,56",108,5935824,USD,100,SUR,"102,6837","102,219","104,4897","102,5117","5,62",,- ,- ,31.05.29,,- ,"103,5976",- ,- ,- ,- ,04.09.25,1228,01.05.04,1228,-790,-787,04.09.25 18:49
RU000A10AV15 ,ВИС Ф БП07 ,"20,75",552,5888499,RUB,1000,SUR,"108,99","108,01","110,47","108,68","16,18",,- ,- ,07.08.26,,- ,"108,44","15,91",- ,- ,- ,04.09.25,300,15.7803,300,235,230,04.09.25 18:49
RU000A108P46 ,БалтЛизП11 ,- ,382,5835468,RUB,1000,SUR,"96,15","95,95","96,35","96,26","25,46",,- ,- ,09.06.27,,- ,"96,2","9,45",- ,- ,- ,04.09.25,642,01.02.65,642,,-1124,04.09.25 18:49
RU000A1082G5 ,sЕвТран2P1 ,"13,56",573,5730567,RUB,1000,SUR,"89,22","88,17","89,93","89,5","20,22",,- ,- ,11.02.31,,- ,"89,49","10,85",- ,- ,- ,04.09.25,1125,20.343,1124,667,674,04.09.25 18:49
RU000A10C618 ,Магнит4P08 ,"12,29",88,5701754,RUB,1000,SUR,"102,53","101,71","102,65","102,4","14,47",,- ,- ,12.09.27,,- ,"102,4","4,92",- ,- ,- ,04.09.25,638,14.384,638,99,102,04.09.25 18:49
RU000A10BY52 ,iКарРус1P6 ,"16,44",419,5692263,RUB,1000,SUR,"105,63","105,02","106,4","105,28","19,08",,- ,- ,15.06.28,,- ,"105,39","2,74",- ,- ,- ,04.09.25,790,18.8943,790,558,564,04.09.25 18:49
RU000A107DM8 ,Росагрл1Р4 ,"72,3",12,5677282,RUB,1000,SUR,"98,72","98,5","98,96","98,96","19,04",16.12.25,"18,2564",- ,07.12.28,16.12.25,16.12.25,"98,96","33,37",- ,- ,- ,04.09.25,101,19.2575,101,310,309,04.09.25 18:49
RU000A10C725 ,МЕТИН2P01 ,- ,95,5668265,RUB,1000,SUR,"100,05","99,98","100,15","100,15","21,46",,- ,- ,12.07.28,,- ,100,"4,31",- ,- ,- ,04.09.25,1041,-0.0175,1041,,-1352,04.09.25 18:49
RU000A103SB8 ,ВТБСУБ1-11 ,"498630,14",1,5640000,RUB,10000000,SUR,"56,4","56,4","56,4","56,4","15,68",,- ,- ,,,- ,"56,4","430136,99",- ,- ,- ,04.09.25,- ,,,,,04.09.25 18:49
RU000A10B4X6 ,СибурХ1Р06 ,- ,129,5634376,RUB,1000,SUR,"101,47","101,25","101,81","101,5",22,,- ,- ,17.03.32,,- ,"101,49","7,86",- ,- ,- ,04.09.25,2385,-0.2217,2385,,-1385,04.09.25 18:49
RU000A10B925 ,ЕАС 1P2 ,"20,55",76,5624013,RUB,1000,SUR,"101,02","100,09","101,47","101,47","27,28",,- ,- ,13.03.30,,- ,"101,39","19,86",- ,- ,- ,04.09.25,847,27.5175,846,1374,1383,04.09.25 18:49
RU000A1055Y4 ,ПочтаР2P04 ,"46,12",192,5598572,RUB,1000,SUR,"89,11","88,58","89,8","89,57","16,11",06.09.27,"16,0431",- ,25.08.32,06.09.27,06.09.27,"89,12","0,25",- ,- ,- ,04.09.25,680,16.3639,680,259,260,04.09.25 18:49
RU000A0NRCD1 ,ВТБ С1-627 ,"0,2",45,5431600,RUB,1000,SUR,"98,17","97,9","99,3","99,3","13,56",,- ,"13,5589",24.09.25,,- ,"99,28","0,19",- ,- ,- ,04.09.25,19,42.6085,19,-188,-188,04.09.25 18:49
RU000A10A7S0 ,iСелктл1Р5 ,- ,300,5392134,RUB,1000,SUR,"104,8","104,67","104,99","104,8","20,36",,- ,- ,23.05.27,,- ,"104,8","2,41",- ,- ,- ,04.09.25,625,-2.6748,625,,-1612,04.09.25 18:49
RU000A10AC75 ,Томскобл24 ,"21,37",228,5328679,RUB,1000,SUR,"114,52","114,24","114,7","114,69","15,17",,- ,- ,12.12.27,,- ,"114,6","7,84",- ,- ,- ,04.09.25,436,15.3131,436,155,159,04.09.25 18:49
RU000A10BU07 ,ПолиплП2Б6 ,"1,06",110,5310789,USD,100,SUR,"106,4634","105,6788","106,865","106,7001","10,01",,- ,- ,07.12.27,,- ,"106,7","46,0838",- ,- ,- ,04.09.25,718,30.09.37,718,-345,-342,04.09.25 18:49
RU000A103N84 ,РСХБ 2Р14 ,"108,2",323,5300861,RUB,1000,SUR,"99,47","99,18","99,94","99,5","76,03",08.09.25,"75,021",- ,03.09.26,08.09.25,08.09.25,"99,28",- ,- ,- ,- ,04.09.25,2,81.5588,3,5836,5834,04.09.25 18:49
RU000A10BAP4 ,ЭталонФин3 ,"20,96",333,5294478,RUB,1000,SUR,"112,99","112,3","113,98","112,75","17,51",,- ,- ,01.04.27,,- ,"112,8","18,16",- ,- ,- ,04.09.25,476,17.3252,476,398,398,04.09.25 18:49
RU000A108TU5 ,Джи-гр 2Р4 ,- ,165,5267209,RUB,1000,SUR,"97,25","97,14","97,46","97,36","26,32",,- ,- ,12.12.26,,- ,"97,35","9,28",- ,- ,- ,04.09.25,402,27.5761,402,1384,1382,04.09.25 18:49
RU000A10C3N8 ,МИРРИКО1P3 ,"18,49",327,5189469,RUB,1000,SUR,"99,11","98,9","99,41","99,41","25,33",,- ,- ,02.07.28,,- ,"99,18","11,1",- ,- ,- ,04.09.25,737,25.5155,737,1183,1189,04.09.25 18:49
RU000A10A414 ,ПКБ 1Р-06 ,- ,144,5161761,RUB,1000,SUR,"101,07","100,91","101,79","101,3","24,59",,- ,- ,07.11.27,,- ,"101,56","10,08",- ,- ,- ,04.09.25,572,28.5807,572,1489,1493,04.09.25 18:49
RU000A106MW0 ,ТГК-14 1Р2 ,"32,04",232,5143758,RUB,1000,SUR,"90,83","90,46","90,98","90,9","20,01",,- ,- ,27.07.27,,- ,"90,9","13,03",- ,- ,- ,04.09.25,611,20.0656,611,654,656,04.09.25 18:49
RU000A106AJ2 ,АЛЬФАБ2Р23 ,"48,13",102,5108849,RUB,1000,SUR,"98,13","98,1","98,4","98,33","16,54",,- ,"16,5424",30.11.25,,- ,"98,14","25,25",- ,- ,- ,04.09.25,86,18.614,85,228,228,04.09.25 18:49
RU000A107ET1 ,ГазКап2P11 ,- ,243,5073866,RUB,1000,SUR,"100,06","99,99","100,2","100,2","21,62",,- ,- ,14.12.27,,- ,"100,19","43,7",- ,- ,- ,04.09.25,830,-0.0264,830,,-1353,04.09.25 18:49
RU000A10B115 ,РЖД 1Р-40R ,"14,51",159,5064984,RUB,1000,SUR,"114,64","114,57","114,69","114,65","14,29",15.05.30,"14,2499",- ,14.01.35,15.05.30,15.05.30,"114,64","0,48",- ,- ,- ,04.09.25,1214,14.2529,1214,69,76,04.09.25 18:49
RU000A10BBW8 ,ГазКап1P12 ,"6,37",26,5026484,EUR,1000,SUR,"104,567","104,3574","106,5739","104,6563","6,01",,- ,- ,29.04.28,,- ,"104,6398","440,1657",- ,- ,- ,04.09.25,875,31.05.59,875,-746,-744,04.09.25 18:49
RU000A10B2T8 ,ВИС Ф БП08 ,"19,73",186,5020825,RUB,1000,SUR,"111,08","110,49","111,97","111,1","16,79",,- ,- ,04.03.27,,- ,"111,19","15,78",- ,- ,- ,04.09.25,461,16.8081,461,325,324,04.09.25 18:49
RU000A1092T7 ,Омега01 ,"18,08",553,5014356,RUB,1000,SUR,"76,59","75,51","77,99","76,67","46,05",,- ,- ,05.01.28,,- ,"76,3","10,25",- ,- ,- ,04.09.25,580,46.1534,580,3255,3259,04.09.25 18:49
RU000A10BNE1 ,СИМПЛ1Р03 ,"18,49",70,4995658,RUB,1000,SUR,"104,97","104,38",105,"104,38","18,9",,- ,- ,16.08.26,,- ,"104,57","8,63",- ,- ,- ,04.09.25,312,18.1228,312,509,506,04.09.25 18:49
RU000A10B5T1 ,СберИОС696 ,"0,1",6,4995117,RUB,1000,SUR,"114,7","113,6","115,7","115,7",- ,,- ,- ,26.05.28,,- ,"115,7",- ,- ,- ,- ,04.09.25,993,-4.9012,993,-1866,-1866,04.09.25 18:49
RU000A10BGF2 ,РЖД 1Р-42R ,"14,3",180,4989757,RUB,1000,SUR,"111,13",110,"112,18","110,75","14,48",06.04.29,"14,442",- ,05.04.40,06.04.29,06.04.29,"110,75","6,2",- ,- ,- ,04.09.25,995,14.2993,996,92,98,04.09.25 18:49
RU000A10CLT1 ,СФОРЛО-2 А ,"21,04",151,4964984,RUB,1000,SUR,"101,37","101,21","101,7","101,7","25,1",,- ,- ,23.08.30,,- ,"101,7","3,95",- ,- ,- ,04.09.25,664,25.3257,663,1155,1166,04.09.25 18:49
RU000A10B3Q2 ,БинФарм1P5 ,"19,32",126,4924850,RUB,1000,SUR,"107,09","106,7","107,36","107,09","17,22",16.09.26,"16,9643",- ,05.03.28,16.09.26,16.09.26,"107,09","10,95",- ,- ,- ,04.09.25,335,16.9643,335,323,319,04.09.25 18:49
RU000A1084B2 ,СэтлГрБ2P3 ,"12,74",240,4902367,RUB,1000,SUR,"98,34","98,06","98,63","98,3","20,49",24.03.26,"20,0501",- ,14.03.27,24.03.26,24.03.26,"98,38","5,95",- ,- ,- ,04.09.25,191,19.9578,191,569,566,04.09.25 18:49
RU000A10B8R9 ,Инаркт2Р2 ,"47,37",81,4864223,RUB,1000,SUR,"109,88","109,65","110,98","110,98","14,59",,- ,- ,03.04.28,,- ,"110,29","30,71",- ,- ,- ,04.09.25,754,15.1303,753,111,116,04.09.25 18:49
RU000A106WZ2 ,АПРИ 2Р3 ,"59,84",254,4807211,RUB,1000,SUR,"99,32","99,05","99,45","99,44","36,91",30.09.25,"20,1764",- ,14.09.27,30.09.25,30.09.25,"99,34","51,95",- ,- ,- ,04.09.25,- ,22.2727,0,,,04.09.25 18:49
RU000A102GU5 ,НоваБевБП4 ,"18,45",120,4722453,RUB,500,SUR,"97,71","97,55","97,95","97,65","16,92",,- ,"16,9157",05.12.25,,- ,"97,75","9,12",- ,- ,- ,04.09.25,90,17.7354,90,274,273,04.09.25 18:49
RU000A10C0X3 ,ЕСЭГ1PC7 ,"7,15",11,4702883,CNY,1000,SUR,"102,0484","101,3057","102,75","102,25","6,11",08.07.26,"5,9907",- ,29.06.27,08.07.26,08.07.26,"102,0865","72,7598",- ,- ,- ,04.09.25,294,01.06.87,294,-789,-791,04.09.25 18:49
RU000A10C5P8 ,ПИР 1P4 ,"23,42",241,4699221,RUB,1000,SUR,"100,3","100,22","100,38","100,33","32,26",,- ,- ,07.07.28,,- ,"100,33","10,15",- ,- ,- ,04.09.25,595,32.2881,595,1875,1880,04.09.25 18:49
RU000A10BRM5 ,Акрон Б1P9 ,"6,35",29,4652921,USD,1000,SUR,"104,638","103,7137","105,1876","104,7745","6,33",,- ,- ,12.11.29,,- ,"104,7745",- ,- ,- ,- ,04.09.25,1075,01.06.84,1075,-717,-714,04.09.25 18:49
RU000A105XA5 ,ГазКЗ-27Ф ,77,4,4648655,CHF,5000,SUR,"92,48","92,2","92,7","92,7","5,81",,- ,- ,30.06.27,,- ,"92,7","1376,2995",- ,- ,- ,04.09.25,657,01.05.82,657,-763,-763,04.09.25 18:49
RU000A1098F3 ,Систем1P31 ,- ,229,4642797,RUB,1000,SUR,"93,85","93,51","94,07","94,07","24,9",,- ,- ,08.11.28,,- ,"93,75","12,18",- ,- ,- ,04.09.25,1160,01.02.19,1160,,-1150,04.09.25 18:49
RU000A106KV6 ,АЛЬФАБ2Р24 ,"51,14",133,4594279,RUB,1000,SUR,"97,34","97,28","97,63","97,61","16,75",,- ,"16,754",20.01.26,,- ,"97,31","12,58",- ,- ,- ,04.09.25,137,18.5028,137,284,284,04.09.25 18:49
RU000A106540 ,МВ ФИН 1Р4 ,"62,33",598,4584014,RUB,1000,SUR,"101,6","99,08","102,17",102,"23,14",,- ,- ,17.04.26,,- ,"101,95","32,88",- ,- ,- ,04.09.25,208,23.9644,208,890,886,04.09.25 18:49
RU000A108405 ,iХРОМОС Б1 ,"24,25",448,4583940,RUB,1000,SUR,"103,73","102,01","104,58","103,99","28,25",23.09.26,"27,4971",- ,07.03.28,23.09.26,23.09.26,"103,9","12,12",- ,- ,- ,04.09.25,48,27.8453,49,-9964,1163,04.09.25 18:49
RU000A109X37 ,Сбер SbD3R ,- ,310,4575926,RUB,1000,SUR,"58,52","58,09","58,88","58,59","16,87",,- ,- ,12.11.29,,- ,"58,73",- ,- ,- ,- ,04.09.25,1529,16.9208,1529,,333,04.09.25 18:49
RU000A107TB7 ,Боржоми1Р2 ,"43,01",46,4564557,RUB,1000,SUR,"100,65","100,5","100,9","100,7","17,48",21.08.26,"17,3211",- ,16.02.27,21.08.26,21.08.26,"100,7","7,56",- ,- ,- ,04.09.25,327,17.3855,327,354,353,04.09.25 18:49
RU000A105JH9 ,ГазКЗ-27Д2 ,15,15,4563143,USD,1000,SUR,"95,6618","95,3068","96,1799","96,0748","5,3",,- ,- ,29.06.27,,- ,"95,433","438,2005",- ,- ,- ,04.09.25,645,01.05.74,645,-815,-815,04.09.25 18:49
RU000A10B2P6 ,АйДиКол1P1 ,"21,37",149,4538446,RUB,1000,SUR,"113,55","112,42","113,95","113,81","20,72",,- ,- ,27.02.28,,- ,"113,8","17,1",- ,- ,- ,04.09.25,682,20.8623,681,722,728,04.09.25 18:49
RU000A1094F2 ,ЧеркизБ1P7 ,- ,206,4532660,RUB,1000,SUR,"99,42","99,36","99,5","99,5","21,54",,- ,- ,15.07.27,,- ,"99,47","5,83",- ,- ,- ,04.09.25,678,0.3141,678,,-1317,04.09.25 18:49
RU000A10AA28 ,Акрон Б1P6 ,"17,47",185,4527861,RUB,1000,SUR,"103,64","103,05","103,9","103,75","19,77",,- ,- ,27.07.27,,- ,"103,54","16,88",- ,- ,- ,04.09.25,690,-1.8579,690,,-1535,04.09.25 18:49
RU000A10BBD8 ,ЯТЭК 1P-6 ,"18,29",115,4507140,RUB,1000,SUR,"103,02","102,72","103,06","102,99","21,96",,- ,- ,01.04.27,,- ,"103,03","15,85",- ,- ,- ,04.09.25,573,-1.8673,573,,-1532,04.09.25 18:49
RU000A105VU7 ,ЭталонФин1 ,"34,16",285,4506904,RUB,1000,SUR,"96,34","96,13","96,82","96,48","23,79",20.02.26,"23,5994",- ,03.02.38,20.02.26,20.02.26,"96,4","5,63",- ,- ,- ,04.09.25,164,23.9951,164,903,902,04.09.25 18:49
RU000A1003A4 ,ГТЛК 1P-13 ,"23,86",45,4481820,RUB,1000,SUR,"90,93","90,05","91,62","91,62","17,35",03.02.27,"17,2464",- ,20.01.34,03.02.27,03.02.27,"91,18","8,91",- ,- ,- ,04.09.25,482,17.912,482,372,372,04.09.25 18:49
RU000A108FX8 ,ЕСЭГ1PC5 ,"20,19",35,4480620,CNY,1000,SUR,"101,7573","101,1509","102,7","101,57","6,89",,- ,- ,17.11.26,,- ,"102,1","40,1083",- ,- ,- ,04.09.25,420,01.06.48,420,-670,-671,04.09.25 18:49
RU000A10AT19 ,ИКС5Фин3P9 ,"16,44",133,4473361,RUB,1000,SUR,"100,89","100,78","100,91","100,9","20,02",09.04.26,"-1,5073",- ,19.01.35,09.04.26,09.04.26,"100,9","14,25",- ,- ,- ,04.09.25,216,-1.4907,216,,-1575,04.09.25 18:49
RU000A10BVF1 ,СИБАВТО1Р6 ,"32,05",452,4446942,RUB,1000,SUR,"99,89","99,58","100,08","100,01","29,32",,- ,- ,30.05.30,,- ,"100,06","18,52",- ,- ,- ,04.09.25,977,29.3815,977,1577,1587,04.09.25 18:49
SU29022RMFS9 ,ОФЗ 29022 ,- ,106,4445117,RUB,1000,SUR,"96,738","96,7","96,897","96,737",- ,,- ,- ,20.07.33,,- ,"96,74","17,74",- ,- ,- ,04.09.25,1441,22.8704,1441,926,934,04.09.25 18:49
RU000A1065B1 ,АБЗ-1 1Р04 ,"17,31",443,4420384,RUB,505,SUR,"96,86","96,26","97,02","97,02","24,08",,- ,- ,21.04.26,,- ,"97,02","8,37",- ,- ,- ,04.09.25,133,24.6348,133,949,924,04.09.25 18:49
RU000A106R95 ,iСелкт1Р3R ,"66,32",199,4412153,RUB,1000,SUR,"97,79","97,44","97,89","97,74","16,59",,- ,- ,14.08.26,,- ,"97,86","7,29",- ,- ,- ,04.09.25,331,16.5273,331,281,281,04.09.25 18:49
RU000A10BNM4 ,АБЗ-1 2Р03 ,"20,96",196,4359687,RUB,1000,SUR,"113,5","112,91","113,88","113,7","18,96",,- ,- ,07.05.28,,- ,"113,69","9,78",- ,- ,- ,04.09.25,596,19.0847,596,545,550,04.09.25 18:49
RU000A104SU6 ,МТС 1P-20 ,"29,29",89,4336049,RUB,1000,SUR,"97,77","97,71","98,16","97,81","16,22",,- ,- ,01.05.26,,- ,"97,71","10,95",- ,- ,- ,04.09.25,230,16.2971,230,208,206,04.09.25 18:49
RU000A106A78 ,СЛ 002P-01 ,"30,92",205,4290232,RUB,1000,SUR,"97,13","97,06","97,41","97,1","20,53",,- ,- ,20.02.26,,- ,"97,21","4,42",- ,- ,- ,04.09.25,165,20.4435,165,596,595,04.09.25 18:49
RU000A10BGC9 ,МаниМен2П1 ,"20,96",132,4281150,RUB,1000,SUR,"114,53","113,5","114,91","114,23","21,33",,- ,- ,03.04.29,,- ,"114,62","9,08",- ,- ,- ,04.09.25,829,21.1922,829,781,789,04.09.25 18:49
RU000A10B7B5 ,СберИОС699 ,"0,1",3,4265145,RUB,1000,SUR,"114,1","114,1","114,11","114,1",- ,,- ,- ,05.05.28,,- ,"114,1",- ,- ,- ,- ,04.09.25,972,-4.8172,972,-1827,-1827,04.09.25 18:49
RU000A1082X0 ,ЛСР БО 1Р9 ,"12,12",292,4257244,RUB,1000,SUR,"97,98","97,67","98,1","97,68","17,81",,- ,- ,07.03.27,,- ,98,"8,49",- ,- ,- ,04.09.25,489,17.5416,489,429,429,04.09.25 18:49
SU46020RMFS2 ,ОФЗ 46020 ,"34,41",224,4252387,RUB,1000,SUR,"68,987","68,688","69,46","69,265","12,84",,- ,- ,06.02.36,,- ,"69,443","4,16",- ,- ,- ,04.09.25,2405,01.12.33,2402,-81,-78,04.09.25 18:49
RU000A10AXK9 ,ФосАгро2П2 ,"8,55",34,4244593,CNY,1000,SUR,"105,5312","105,0968","105,85","105,6","4,36",,- ,- ,12.08.26,,- ,"105,3893","57,9593",- ,- ,- ,04.09.25,325,01.04.84,325,-942,-944,04.09.25 18:49
RU000A0JXS59 ,ПочтаРБ1P3 ,"49,12",34,4244507,RUB,1000,SUR,"96,2","95,54","96,22","96,2","16,2",25.05.26,"15,9919",- ,19.05.27,25.05.26,25.05.26,"96,2","28,61",- ,- ,- ,04.09.25,252,15.9919,252,195,193,04.09.25 18:49
RU000A108CC9 ,ПКБ 1Р-04 ,"42,38",118,4208622,RUB,1000,SUR,"99,57","99,01","99,99","99,58","18,62",,- ,- ,23.04.27,,- ,"99,52","19,1",- ,- ,- ,04.09.25,335,18.633,335,486,485,04.09.25 18:49
RU000A10BFJ6 ,ПолиплП2Б4 ,"20,96",268,4207198,RUB,1000,SUR,"112,04","110,87","112,94","112,04","18,17",,- ,- ,08.04.27,,- ,"111,92","13,27",- ,- ,- ,04.09.25,483,18.1732,483,464,465,04.09.25 18:49
RU000A107B35 ,ВТБ Б1-346 ,"14,79",124,4199245,RUB,1000,SUR,"98,6","98,45","98,75","98,49","21,2",,- ,- ,01.12.26,,- ,"98,49","1,48",- ,- ,- ,04.09.25,407,21.0763,407,759,757,04.09.25 18:49
RU000A1075S4 ,ИКС5Фин3P2 ,"15,7",155,4191294,RUB,1000,SUR,"100,39","100,29","100,49","100,48","20,3",,- ,- ,17.10.26,,- ,"100,45","6,28",- ,- ,- ,04.09.25,367,20.4019,367,662,660,04.09.25 18:49
RU000A109NA8 ,СолСАТЛ01 ,"15,39",63,4181967,RUB,780,SUR,"99,86","99,49","100,88","100,38","26,44",,- ,- ,10.03.28,,- ,"100,3","6,15",- ,- ,- ,04.09.25,449,26.9662,448,1283,1287,04.09.25 18:49
RU000A105PK0 ,Ювелит 1P1 ,"33,41",210,4163984,RUB,1000,SUR,"99,52","98,36","100,5","99,1","17,57",,- ,- ,23.12.25,,- ,"99,1","26,43",- ,- ,- ,04.09.25,106,15.9114,106,248,245,04.09.25 18:49
RU000A10ANZ8 ,Магнит5P01 ,"17,67",282,4152155,RUB,1000,SUR,"104,04","103,94","104,18","104,01","15,71",,- ,- ,19.04.26,,- ,"103,98","7,66",- ,- ,- ,04.09.25,212,15.6528,212,149,145,04.09.25 18:49
RU000A106EP1 ,ПР-Лиз 2P2 ,"10,27",226,4085435,RUB,1000,SUR,"93,1","92,69","93,74","93,19","24,53",15.06.26,"24,1095",- ,06.05.32,15.06.26,15.06.26,"93,2","8,22",- ,- ,- ,04.09.25,268,24.2713,268,1015,1012,04.09.25 18:49
RU000A10A1U9 ,СИБАВТО1Р4 ,"23,01",216,4082533,RUB,1000,SUR,"104,6","102,6","105,2","104,5","29,3",,- ,- ,18.10.29,,- ,"104,13","19,18",- ,- ,- ,04.09.25,801,29.2431,801,1576,1586,04.09.25 18:49
RU000A106Z38 ,Джи-гр 2Р3 ,"28,8",222,4065686,RUB,750,SUR,"97,76","97,47","98,27","97,89","20,94",,- ,- ,29.09.26,,- ,"97,85","20,57",- ,- ,- ,04.09.25,192,21.2359,192,683,656,04.09.25 18:49
RU000A10CJ84 ,СибСтекБ02 ,"20,14",130,4058212,RUB,1000,SUR,"99,27","98,66","99,67",99,"28,49",19.02.27,"28,3442",- ,09.08.28,19.02.27,19.02.27,99,"6,71",- ,- ,- ,04.09.25,448,28.0624,448,1478,1478,04.09.25 18:49
RU000A1090K0 ,Магнит4P06 ,"15,62",82,4050740,RUB,1000,SUR,"100,61","100,4","100,67","100,62","19,81",,- ,- ,12.07.26,,- ,"100,64","9,89",- ,- ,- ,04.09.25,285,19.8245,285,592,588,04.09.25 18:49
RU000A109VL8 ,СовкомБОП5 ,- ,206,4033904,RUB,1000,SUR,"100,85","100,8","101,26","100,8","21,38",,- ,- ,10.10.27,,- ,"100,85","7,67",- ,- ,- ,04.09.25,765,-0.4021,765,,-1382,04.09.25 18:49
RU000A10B8P3 ,Инаркт2Р3 ,"17,59",148,4027136,RUB,1000,SUR,"101,46","101,1","101,52","101,45","22,9",,- ,- ,22.03.28,,- ,"101,45",- ,- ,- ,- ,04.09.25,929,-0.5654,929,,-1401,04.09.25 18:49
RU000A108BD9 ,АЛЬФАЗО400 ,"14,75",26,4010632,USD,1000,SUR,"69,8684","68,2168","70,2324","70,0672","9,32",,- ,- ,,,- ,"70,0747","145,5278",- ,- ,- ,04.09.25,- ,,,,,04.09.25 18:49
RU000A107CG2 ,Россет1Р11 ,- ,229,4000719,RUB,1000,SUR,"99,57","99,3","99,77","99,5","21,07",,- ,- ,10.12.29,,- ,"99,5","1,04",- ,- ,- ,04.09.25,1557,0.1012,1557,,-1342,04.09.25 18:49
RU000A107W06 ,Новотр 1Р5 ,"35,53",239,3983926,RUB,1000,SUR,"99,23","99,1","99,43","99,29","15,68",,- ,- ,04.03.27,,- ,"99,2",- ,- ,- ,- ,04.09.25,461,15.7352,461,213,213,04.09.25 18:49
RU000A107TT9 ,ГТЛК 2P-03 ,"50,61",149,3965563,RUB,1000,SUR,"98,45","98,35","98,5","98,48","23,15",24.05.27,"22,984",- ,02.02.39,24.05.27,24.05.27,"98,37","8,34",- ,- ,- ,04.09.25,538,23.0092,538,948,950,04.09.25 18:49
RU000A107BR1 ,БорецК1Р02 ,- ,198,3949539,RUB,1000,SUR,"98,22","97,57","98,91","98,29","31,91",,- ,- ,25.11.25,,- ,"98,29","4,38",- ,- ,- ,04.09.25,81,01.08.63,81,,-756,04.09.25 18:49
RU000A106631 ,АПРИ 2Р2 ,"79,78",353,3942979,RUB,1000,SUR,"102,6","102,4","102,86","102,85","30,05",08.05.26,"27,8504",- ,22.04.27,08.05.26,08.05.26,"102,84","36,82",- ,- ,- ,04.09.25,27,28.3436,27,,1164,04.09.25 18:49
RU000A10CDZ5 ,РЖД 1Р-45R ,"11,38",128,3939375,RUB,1000,SUR,"100,44","100,3","100,59","100,56","14,54",,- ,- ,24.06.29,,- ,"100,56","7,97",- ,- ,- ,04.09.25,1078,14.5905,1078,102,107,04.09.25 18:49
RU000A1084S6 ,РЖДЗО261ФР ,42,5,3910741,CHF,5000,SUR,"97,25","96,9999","97,5","97,5","5,82",,- ,- ,12.03.26,,- ,97,"2017,7013",- ,- ,- ,04.09.25,188,01.06.23,187,-850,-850,04.09.25 18:49
RU000A109LG9 ,Сбер SbD2R ,- ,272,3910395,RUB,1000,SUR,"59,44","59,3","59,92","59,78","16,53",,- ,- ,30.09.29,,- ,"59,35",- ,- ,- ,- ,04.09.25,1486,16.7607,1486,,299,04.09.25 18:49
RU000A102895 ,Новосиб 21 ,"4,62",63,3907924,RUB,300,SUR,99,"98,79","99,05","98,84","16,76",,- ,"16,7627",14.10.25,,- ,99,"2,69",- ,- ,- ,04.09.25,38,16.3165,38,207,205,04.09.25 18:49
RU000A106EM8 ,БалтЛизБП8 ,"17,96",302,3895382,RUB,1000,SUR,"103,6","103,08","104,1","103,74","17,91",10.06.26,"17,6588",- ,31.05.33,10.06.26,10.06.26,"103,56","14,37",- ,- ,- ,04.09.25,255,17.8829,255,366,361,04.09.25 18:49
RU000A10BW70 ,Томскобл25 ,15,187,3893011,RUB,1000,SUR,"107,42","107,09","107,95","107,39","15,65",,- ,- ,13.03.28,,- ,"107,92","5,5",- ,- ,- ,04.09.25,727,15.6301,727,216,221,04.09.25 18:49
RU000A106Y88 ,ВЭББНКР 04 ,"12,33",228,3891103,RUB,1000,SUR,"90,58",90,"91,82","91,3","27,47",,- ,- ,09.03.27,,- ,"91,78","7,81",- ,- ,- ,04.09.25,349,28.5208,349,1375,1373,04.09.25 18:49
RU000A106888 ,ЛСР БО 1Р8 ,"31,79",160,3884323,RUB,1000,SUR,"97,04","96,71","97,23","97,11","18,45",,- ,- ,13.05.26,,- ,"97,11","7,68",- ,- ,- ,04.09.25,241,18.58,241,436,434,04.09.25 18:49
RU000A10BGH8 ,Акрон Б1P8 ,"6,53",19,3869344,USD,1000,SUR,"104,0413","103,99","104,25","104,0999","5,98",,- ,- ,10.11.27,,- ,"104,0999","228,8021",- ,- ,- ,04.09.25,694,31.05.51,694,-747,-745,04.09.25 18:49
RU000A107BP5 ,Сегежа3P3R ,- ,294,3861139,RUB,1000,SUR,"96,07","95,7","96,81",96,"28,94",,- ,- ,02.09.26,,- ,"95,98","0,59",- ,- ,- ,04.09.25,332,30.6272,332,1697,1695,04.09.25 18:49
RU000A109KL1 ,ВТБ Б1-359 ,"15,29",36,3850962,RUB,1000,SUR,"100,02","99,87","100,08","99,95","21,92",,- ,- ,20.09.27,,- ,"100,02","7,89",- ,- ,- ,04.09.25,613,21.871,613,843,847,04.09.25 18:49
RU000A10CAQ0 ,АЛЬФАДОНБ1 ,"23,01",217,3815638,RUB,1000,SUR,"98,98","98,88","99,17","99,05","32,45",,- ,- ,12.07.30,,- ,99,"21,48",- ,- ,- ,04.09.25,801,32.4908,801,1891,1901,04.09.25 18:49
RU000A10AG48 ,АПРИ 2Р8 ,"27,95",281,3792741,RUB,1000,SUR,"106,15",106,"106,37","106,24","13,56",24.12.25,"12,2505",- ,03.01.29,24.12.25,24.12.25,"106,1","12,11",- ,- ,- ,04.09.25,6,01.12.78,6,,-435,04.09.25 18:49
RU000A1059N9 ,ЛУКОЙЛ 26 ,"23,75",21,3789722,USD,1000,SUR,"99,7323","99,6355","99,9888","99,9888","4,74",,- ,- ,02.11.26,,- ,"99,6935","1301,6657",- ,- ,- ,04.09.25,410,01.04.41,410,-886,-887,04.09.25 18:49
RU000A10AXP8 ,ВсИнстр1Р4 ,"19,73",318,3774998,RUB,1000,SUR,"106,34","105,55","107,85","106,39","17,89",,- ,- ,12.08.26,,- ,"106,4","11,84",- ,- ,- ,04.09.25,306,17.9583,306,408,404,04.09.25 18:49
RU000A1097T6 ,СБ СекьюрА ,"9,51",242,3762280,RUB,"559,63",SUR,"102,72","102,61","103,21","102,93","16,57",,- ,- ,26.08.33,,- ,"102,87","2,76",- ,- ,- ,04.09.25,234,16.9347,234,260,242,04.09.25 18:49
RU000A10B1X2 ,Селигдар2Р ,"19,73",257,3761957,RUB,1000,SUR,"113,21","112,74","113,4","113,11","15,12",,- ,- ,01.03.27,,- ,"112,99","17,75",- ,- ,- ,04.09.25,459,15.0423,459,157,157,04.09.25 18:49
RU000A107GU4 ,БДеньг-2P4 ,"25,48",328,3752158,RUB,1000,SUR,"102,71","102,05","103,62","102,21","25,83",22.12.25,"23,4609",- ,08.06.27,22.12.25,22.12.25,"102,51","15,29",- ,- ,- ,04.09.25,102,21.3769,103,835,831,04.09.25 18:49
RU000A108Y86 ,Европлн1Р7 ,- ,297,3750778,RUB,1000,SUR,"99,94","99,8","100,13","100,12","21,77",,- ,- ,24.06.27,,- ,"100,1","1,09",- ,- ,- ,04.09.25,657,0.0334,657,,-1351,04.09.25 18:49
RU000A10BXN1 ,СберИОС735 ,"0,1",3,3750600,RUB,1000,SUR,105,105,105,105,- ,,- ,- ,14.08.28,,- ,105,- ,- ,- ,- ,04.09.25,1073,-1.6343,1073,-1511,-1511,04.09.25 18:49
RU000A107B84 ,СовкомЗО-1 ,19,18,3728055,USD,1000,SUR,"75,5925","75,0002","76,3487","76,34","9,53",,- ,- ,,,- ,"76,3485","290,2472",- ,- ,- ,04.09.25,- ,,,,,04.09.25 18:49
RU000A106SF2 ,ИнтЛиз1Р06 ,"22,55",348,3726300,RUB,670,SUR,"96,31","96,2","96,69","96,22","22,06",,- ,- ,24.08.26,,- ,"96,37","2,48",- ,- ,- ,04.09.25,209,21.8583,209,790,778,04.09.25 18:49
RU000A108JV4 ,ГазпКап3P2 ,- ,211,3689086,RUB,1000,SUR,"99,89","99,81","99,98","99,88","21,11",,- ,- ,07.05.28,,- ,"99,88","7,38",- ,- ,- ,04.09.25,975,0.0412,975,,-1341,04.09.25 18:49
RU000A109981 ,Джи-гр 2Р5 ,"17,26",119,3678273,RUB,1000,SUR,"97,96","97,6","98,3","97,81","24,82",,- ,- ,31.08.27,,- ,"98,03","13,81",- ,- ,- ,04.09.25,725,31.12.83,725,,-1231,04.09.25 18:49
RU000A105CS1 ,Селигдар1Р ,"53,85",210,3660307,RUB,1000,SUR,"98,82","98,66","98,97","98,73","18,91",,- ,"18,9096",29.10.25,,- ,"98,9","37,58",- ,- ,- ,04.09.25,53,19.7897,54,473,471,04.09.25 18:49
RU000A108132 ,ГЛОРАКС1Р2 ,"14,18",211,3648828,RUB,1000,SUR,"99,97","99,41","100,2","100,1","18,44",,- ,- ,05.03.26,,- ,"100,05","13,23",- ,- ,- ,04.09.25,172,18.759,172,396,392,04.09.25 18:49
RU000A10B487 ,ДелПорт1P4 ,"17,05",87,3646740,RUB,1000,SUR,"105,92","105,6",106,"105,6","15,82",,- ,- ,11.09.26,,- ,"105,75","10,23",- ,- ,- ,04.09.25,335,15.4419,335,208,205,04.09.25 18:49
RU000A104735 ,Пионер 1P6 ,"14,65",375,3621744,RUB,250,SUR,"98,79","98,4",99,"98,8","16,81",,- ,"16,8079",04.12.25,,- ,"98,78",- ,- ,- ,- ,04.09.25,89,17.951,90,261,260,04.09.25 18:49
RU000A106YE3 ,МгдОбл2023 ,"34,28",173,3607742,RUB,1000,SUR,"96,72","96,17","97,03","97,03","16,35",,- ,- ,20.09.28,,- ,"96,76","26,75",- ,- ,- ,04.09.25,655,16.5496,655,283,290,04.09.25 18:49
RU000A105X80 ,ВымпелК1Р8 ,20,75,3594805,RUB,1000,SUR,"83,52","83,37","83,9","83,9","14,64",,- ,- ,09.03.29,,- ,"83,9","10,77",- ,- ,- ,04.09.25,1097,14.807,1097,112,116,04.09.25 18:49
RU000A105YQ9 ,АЛЬЯНС 1P1 ,"37,02",100,3585300,RUB,1000,SUR,"94,92","94,8",95,"94,99","28,07",,- ,- ,12.03.26,,- ,95,"34,18",- ,- ,- ,04.09.25,177,28.2565,177,1364,1358,04.09.25 18:49
RU000A10C329 ,iПМЕДДМ2Р2 ,- ,60,3549895,RUB,1000,SUR,"100,14","100,08","100,69","100,09","22,84",,- ,- ,05.07.27,,- ,"100,1","11,97",- ,- ,- ,04.09.25,668,-0.0764,668,,-1349,04.09.25 18:49
RU000A103C95 ,Систем1P21 ,"41,88",88,3532364,RUB,1000,SUR,"91,46","91,35","91,78","91,78","20,62",02.07.26,"20,5244",- ,23.06.31,02.07.26,02.07.26,"91,76","15,19",- ,- ,- ,04.09.25,292,21.0429,292,663,662,04.09.25 18:49
RU000A1089W7 ,РЖДЗО282ФР ,"59,75",8,3524718,CHF,5000,SUR,"87,6506","86,2561","88,5","88,5","6,15",,- ,- ,03.04.28,,- ,"87,9333","2519,362",- ,- ,- ,04.09.25,927,01.06.52,926,-730,-730,04.09.25 18:49
RU000A103PX8 ,ЛСР БО 1Р7 ,"17,25",180,3512351,RUB,800,SUR,"95,38","95,28","95,56","95,29","20,21",,- ,- ,11.09.26,,- ,"95,3","15,74",- ,- ,- ,04.09.25,170,19.9683,171,643,567,04.09.25 18:49
RU000A106SK2 ,ГарИнв2P07 ,"0,45",268,3511129,RUB,1000,SUR,"20,36","20,17","20,7","20,3",- ,,- ,- ,30.07.30,,- ,"20,3",- ,- ,- ,- ,04.09.25,1021,73.6509,1022,6027,6037,04.09.25 18:49
RU000A106JZ9 ,БСК 1Р-03 ,"26,43",72,3497271,RUB,1000,SUR,"97,63","97,05","97,77","97,77","16,59",,- ,- ,10.07.26,,- ,"97,77","15,97",- ,- ,- ,04.09.25,164,16.9599,164,229,201,04.09.25 18:49
RU000A103G00 ,sСТМ 1P2 ,"43,38",120,3490543,RUB,1000,SUR,"93,38","93,23","93,74","93,35","17,88",,- ,- ,22.07.26,,- ,"93,55","10,25",- ,- ,- ,04.09.25,312,17.8404,312,405,405,04.09.25 18:49
RU000A107W48 ,Инаркт2Р1 ,"35,53",290,3488268,RUB,1000,SUR,"98,93","98,72",99,"98,93","15,94",,- ,- ,26.02.27,,- ,"98,96","2,34",- ,- ,- ,04.09.25,493,15.9434,493,242,242,04.09.25 18:49
RU000A106ZU6 ,РусГидБП12 ,"52,85",65,3441277,RUB,1000,SUR,"100,24","100,1","100,5","100,46","22,69",,- ,- ,04.10.28,,- ,"100,5","33,11",- ,- ,- ,04.09.25,827,22.8027,827,918,925,04.09.25 18:49
RU000A10AYB6 ,АСпэйс 1Р2 ,"25,48",82,3430072,RUB,1000,SUR,"113,28",112,"113,9","113,9","26,2",,- ,- ,04.08.28,,- ,"112,87","12,74",- ,- ,- ,04.09.25,649,26.5801,648,1269,1275,04.09.25 18:49
RU000A10A0H8 ,ВЕРАТЕК-01 ,"64,82",200,3429282,RUB,1000,SUR,"102,55",102,"102,96","102,77","26,59",,- ,- ,03.11.27,,- ,"102,56","20,66",- ,- ,- ,04.09.25,618,26.7516,618,1310,1314,04.09.25 18:49
RU000A106516 ,ФосАгро П1 ,"46,87",141,3397725,RUB,1000,SUR,"96,88","96,3",97,97,"15,17",,- ,- ,17.04.26,,- ,"96,99","35,8",- ,- ,- ,04.09.25,215,15.4058,215,96,93,04.09.25 18:49
